Open,High,Low,Close
260.700012,274.5,254.100006,268.899994
279,288.799988,274.899994,280
298.200012,299,280.600006,285.700012
294.5,302,287.399994,291.899994
297,300.5,273.299988,279.5
280.799988,290,263.799988,270
268,272.100006,248.800003,250
255.399994,265,245.600006,250.899994
222.100006,227,193.5,195.899994
200,200.399994,164.5,165
164.399994,169.300003,131.600006,146.100006
144.300003,167.899994,132.5,166.699997
173,176,155.699997,158.100006
164.899994,167.600006,148.5,167.600006
165.5,169.699997,155,159.899994
149.600006,166.399994,147.199997,149.600006
150.100006,183,145.300003,182.199997
173.399994,188.800003,169.199997,183
189.5,209.899994,187.800003,204.5
211.199997,222.199997,207.5,222.100006
224.399994,225,213.899994,224
228.5,233.100006,213.699997,214.800003
225.399994,229.899994,195.199997,200
197,200.899994,184.100006,190.199997
177.699997,181.399994,168.5,171
174.899994,178.800003,162.399994,169.600006
175.5,199.800003,174.100006,198.699997
195.399994,200.699997,181.800003,190.399994
215,220.699997,209.600006,218.100006
212.5,215.600006,200,202
203.5,207.600006,188.600006,193.300003
189.600006,189.600006,181.899994,186.5
198.199997,205.399994,198,203.899994
201.699997,205,188.899994,192
192.5,201.800003,189.5,192.800003
198,220,195.5,218.300003
220.5,226.5,203.199997,212.800003
212.600006,219.300003,206.800003,208.899994
201.699997,213,198,212.5
210.800003,223.5,208.100006,218.600006
215,219.100006,198,198.300003
200.699997,216.300003,198.300003,212.399994
207.100006,214.600006,196,196.899994
202.100006,221,200.600006,214.300003
218.100006,238.800003,217.300003,238.5
239.100006,252.300003,228.5,235.300003
218.699997,218.699997,207,215
206.399994,215.699997,202.5,215.5
228,234,222.800003,231.600006
237.399994,241.600006,217.5,224
227.899994,228.800003,208.800003,213.399994
206.899994,215,198.600006,215
219.600006,224.800003,209.399994,220.699997
224,229.899994,213.5,224.399994
228.199997,237.699997,226.800003,236
249,260.899994,244.800003,255.800003
263.600006,276,252.300003,253.899994
252.300003,267.299988,245.899994,258.600006
266.399994,268.5,255,258.200012
246.800003,250.699997,233.5,235.100006
238.899994,249.800003,237.399994,245.199997
241.100006,246.800003,236.899994,237.800003
238.699997,245.399994,235,239
223.100006,226.899994,216.899994,218.399994
218.5,224.800003,214,223.600006
218.100006,230.899994,212.699997,229.899994
228.699997,235.600006,224.800003,228.300003
236.5,240.699997,223.5,225.199997
230.399994,240,228,237.199997
232.800003,239.5,225.199997,229.800003
220.899994,223.399994,215,216.199997
207.199997,214,203.5,208.899994
213,221,208.399994,219.199997
225,226,211.100006,213.5
223,225.800003,218.399994,222
217,217.899994,208.800003,211.5
207.600006,212.300003,201.699997,204.800003
204.800003,214.5,200.5,205
201.199997,206.899994,198.300003,202.199997
201.199997,222.399994,199.899994,220.899994
231.899994,233.899994,226.600006,231.300003
228,229.5,216.100006,222.899994
212.5,219.300003,209.5,210.899994
206.5,215.300003,206.100006,208.899994
205.699997,211.800003,204.5,208.399994
208.800003,211.399994,204.5,205.5
204.600006,206.600006,201.5,204.199997
207.199997,207.800003,193.199997,195.600006
189.600006,197.100006,185,186.699997
186,186.300003,164,167.100006
166.300003,178.800003,166.300003,177.800003
170.800003,181.699997,167.600006,175.899994
163.899994,164.600006,146.199997,149.5
153,153.199997,138.600006,139.100006
150.600006,153.199997,142.300003,143.399994
146,147.300003,140.100006,143.600006
139.300003,155.399994,134.600006,154.199997
152.800003,156.800003,147.600006,149.100006
144.5,145.5,137.800003,141.199997
138.5,142.699997,136.100006,139.300003
135.699997,136.699997,118,121.599998
102.300003,107.599998,75.300003,79.599998
82.900002,92,82.900002,87
80.199997,88.699997,77.599998,84.599998
87.5,88.599998,75,75.900002
73.099998,90.300003,69.099998,88.800003
89.300003,98.099998,77.699997,79.5
82.599998,86.199997,81.400002,85
83.599998,92,80.199997,90.199997
85.400002,88.5,79.199997,81.099998
86.800003,88.5,83,85.699997
83.099998,84.400002,76.099998,78
79.5,82.699997,77.099998,80.199997
81.300003,82.900002,73.400002,74.599998
76,82.400002,75,80.199997
79.900002,87.5,77.5,78.800003
80.800003,92.599998,78.400002,92.5
95,101.800003,89,101.300003
107.800003,126,106.400002,126
112.099998,118.099998,99.300003,103.5
107.900002,110,96.599998,102.800003
107.400002,112.400002,105.300003,110.400002
102.5,106.800003,97.800003,102.199997
106,113.900002,105.5,112.800003
124.099998,130.100006,121.099998,124.599998
130,130.300003,106,110.599998
105,116.5,81.099998,84.5
91.900002,91.900002,75.699997,77.699997
74.400002,75,64.800003,65.5
67.400002,79.699997,65.5,78.199997
78.900002,92.400002,78.900002,89.900002
84.699997,89.199997,78.199997,88.099998
91.800003,93.800003,80,80
82.400002,85.699997,75,78.699997
74.199997,84.699997,73.800003,74.5
72.599998,77.400002,70.099998,76.699997
79.199997,81.699997,75.400002,80.300003
75.199997,78.400002,69.699997,71.599998
74.699997,74.800003,70,70.800003
68.599998,74.900002,64.400002,73.5
71.699997,77.5,70.099998,75.199997
74.699997,77.699997,73,74.699997
79,87.900002,78.800003,87.5
85.199997,97.800003,82.800003,96.800003
101.199997,104,91.400002,95.800003
91.599998,93.599998,85.699997,86.699997
81,82.800003,76,77.5
81.400002,82.099998,75.300003,76.099998
81,90.800003,80,87.800003
83.199997,86.599998,80,81.900002
75.5,78.599998,70.199997,71.5
73,76.599998,70.099998,71.900002
69.099998,75.5,68.800003,75.199997
75.459999,79.559998,68.800003,70.559998
77.459999,84.800003,77.360001,84.360001
85.839996,90.720001,84.82,88.82
94.919998,99.360001,91.879997,95.900002
97.660004,98.139999,90.18,96.040001
90.68,102.620003,89.220001,90.440002
99.300003,105.199997,96.440002,103.860001
111.5,111.839996,96.400002,100.639999
98.739998,105.660004,95.900002,98.440002
104.699997,121.900002,104.120003,120.139999
113.580002,125.779999,110.739998,121.800003
120.559998,123.260002,109.099998,109.68
107.199997,108.660004,91,94.779999
97.660004,109.660004,97.160004,105.580002
103.199997,103.580002,94.459999,97.660004
95.779999,104.379997,95.5,99.440002
102.900002,110.5,96.660004,108.199997
108.519997,108.519997,99,100.139999
96.239998,101.540001,93.540001,98.559998
104.559998,111.059998,90,94.419998
90.139999,92.080002,79.599998,81.199997
80.220001,85,78.82,79.660004
78.019997,82.379997,74.139999,79.860001
76.339996,80.839996,74,79.239998
81.360001,84,74.459999,75.599998
75.839996,75.839996,69.279999,71
64.480003,64.900002,61.16,62.380001
61.759998,66.980003,60.599998,66.760002
64,66.139999,61.5,63.02
63.02,66.739998,62.18,65.419998
62.240002,67.279999,61,64.019997
62.860001,67.419998,62.02,65.559998
66.400002,68.82,66.019997,66.900002
65.199997,65.879997,57,58.759998
59.099998,62.459999,55.16,61.860001
64.300003,68.599998,62.779999,67.139999
67.620003,67.900002,58.040001,60.360001
58.98,60.5,58,58.959999
61.419998,65.540001,60.599998,63.119999
61.459999,65.160004,60.16,63.459999
58.259998,61,57.5,59.639999
59,62.139999,58.900002,61.299999
62.639999,66.260002,61.259998,65.459999
61.080002,63.02,59,61.18
62.860001,65.900002,60.540001,65.300003
67.400002,73.900002,67.400002,73
70.599998,70.800003,60.939999,65.139999
66.400002,67.580002,61.98,64
67.5,69.5,64.639999,66.559998
65.099998,67.639999,63.560001,65.620003
62.799999,68.379997,62.799999,67.040001
66.260002,66.760002,59.040001,59.919998
61.259998,62.299999,59.060001,60.66
64.239998,69.199997,62.540001,68.940002
62.060001,62.400002,57.5,58.119999
61.279999,63.639999,60.299999,62.380001
65.360001,65.959999,63.360001,64.779999
63.540001,66.199997,62.360001,64.120003
63.200001,67.300003,63.119999,66.339996
67.900002,71.940002,67.800003,71.580002
68.360001,68.360001,63,64.519997
67.059998,68.139999,65,66.760002
62.799999,63.5,61.040001,61.880001
61.84,63.540001,60.860001,62.099998
67,70.260002,65.059998,67.839996
68.5,69.620003,66.82,68.480003
71,72.400002,69.779999,71.860001
75.900002,79.760002,72.760002,76.800003
71.599998,72.739998,66.059998,70.419998
70.599998,71.260002,61.080002,62.599998
60.400002,60.400002,53.880001,57.599998
56.299999,60.720001,54.779999,56.919998
55.220001,56.299999,50,50.939999
55.599998,55.779999,49.360001,49.919998
50.580002,51.080002,42.400002,42.799999
44.599998,45.48,41.040001,45.259998
43.52,46.48,41.5,45.619999
44,49.119999,43.919998,47.099998
49.5,50.400002,47.639999,49.34
50.380001,56.360001,50.380001,56
55.34,59.759998,54,59.080002
56.599998,58.880001,55.279999,55.419998
55.240002,58.939999,53.639999,58.700001
59.799999,64.139999,59.639999,63.82
62,64,56.919998,59.52
60.939999,69.540001,60.740002,68.040001
74.360001,79.400002,73.699997,74.68
71.32,85.720001,68.959999,85.660004
93.720001,102,92.860001,96.599998
101.339996,101.919998,83.639999,84.279999
84.720001,88,76.919998,87.739998
106,114.139999,100.32,110.699997
102.580002,123.080002,100.739998,122.919998
106,113.639999,91.279999,91.620003
97.300003,105.599998,96.220001,103.120003
98.720001,126.800003,98.459999,126.120003
120.800003,123,112.360001,114.660004
102.32,114.239998,101,109.519997
116.379997,119.5,109.800003,113.459999
125.68,134,115.139999,120.959999
118.879997,129.419998,118.32,129
120.919998,127.32,113.699997,116.360001
120.959999,131,119.959999,130.399994
133.899994,134.759995,115.800003,116.760002
117.68,127.120003,116.760002,126.120003
126.599998,152.779999,126.599998,150.160004
152.220001,176.199997,145.199997,147.100006
153.160004,171.619995,152.619995,166.380005
173.5,174.460007,142.160004,142.800003
132,145.699997,124.400002,140.800003
147.880005,159.619995,147.460007,157.699997
153.720001,161.339996,141.479996,143.220001
144.820007,147.339996,127.5,128.419998
126.419998,133.639999,116.959999,132.039993
126.300003,166.899994,122.059998,163.419998
173.580002,179.5,150,151.039993
152.279999,166.580002,152.279999,159.820007
158.5,171.160004,154.940002,161.679993
171,173.779999,157.800003,165.199997
146.479996,152.779999,131.660004,132.360001
135.919998,139.619995,129.139999,134.520004
138.779999,139.899994,125.199997,133.279999
137.779999,159.860001,132.639999,158.539993
154.5,161.479996,143.600006,150.580002
159.520004,160.220001,144.179993,147.179993
134.339996,155,132,153.360001
151.339996,151.419998,140.100006,141.460007
152.199997,153.759995,140.800003,152.880005
146.539993,157.220001,146.020004,154.779999
162.660004,169.720001,162,167.080002
167.139999,188.440002,166,186.539993
200.360001,228.600006,198.179993,225.360001
230,238.639999,211.479996,234.100006
225.339996,237.399994,215.440002,218.460007
216.160004,220.720001,187,198.119995
204.839996,226.320007,195.279999,223.080002
233.580002,233.580002,217.020004,226
255.880005,280,252.559998,275.839996
276,295.880005,242,245.679993
278.079987,281.380005,252.779999,265.679993
255,275.160004,231.360001,242.919998
246.940002,256.940002,230.399994,236.199997
243.679993,264,232.619995,262.519989
268.320007,277.940002,246.320007,268.600006
281.359985,309,272.5,304.200012
323.859985,358.119995,322,357.820007
370.079987,370.079987,330,341.720001
347.980011,350.100006,305.100006,311.339996
297.140015,315.23999,251.020004,256.380005
270.119995,288,264,280.359985
301.200012,334.899994,295.940002,325.480011
284,285.859985,252.320007,252.320007
258.820007,283.820007,243.100006,279.959991
304.799988,318.880005,271.679993,308.980011
310.019989,327.799988,290,297.5
296.220001,317.140015,289.26001,303.799988
330,343.880005,315.880005,325.059998
327.179993,367.200012,320.26001,354.839996
329.660004,349.459991,268.440002,269.359985
246.160004,289.980011,234.039993,278.23999
292.019989,293.519989,253.699997,287.859985
265.799988,289.720001,260.040009,272.660004
253.800003,259,210.559998,212.919998
208.5,240,196.720001,236.020004
251.520004,254.380005,224.220001,230.960007
225.279999,227.960007,194.339996,198.240005
196.339996,225.800003,192.119995,215.699997
218.440002,228,199.580002,212.660004
211.100006,222.720001,205.619995,213.419998
257,292.339996,256.23999,292.339996
291.179993,308.579987,273.019989,307.299988
292.880005,310.73999,289.380005,294.799988
334,350,325.119995,334.779999
333.200012,358.660004,325.5,354.76001
362.799988,374.839996,330,335.820007
364,365.279999,321,340.299988
339.339996,342.179993,304,319.959991
317.880005,370.799988,312.799988,361.940002
394.619995,395.200012,316.540009,328.140015
345.619995,351.5,320,342.700012
313,359.660004,308.200012,352.279999
328.76001,338,316.959991,320.059998
320,329.720001,304.079987,327
322.279999,342.440002,319.299988,326.959991
419.359985,424.480011,363.380005,374.600006
376.799988,395.980011,350,376.920013
344,367.540009,344,355.179993
373.779999,399.359985,370.859985,383.660004
389.519989,400,374.839996,398.200012
428.160004,481.980011,427.679993,476.079987
490,527.799988,470,518.5
545.73999,591.320007,540.200012,587.73999
558.840027,560,514,527.23999
530.960022,603.400024,516.76001,601.820007
576.820007,630.080017,570.02002,612.039978
596.02002,615.799988,530.919983,536.059998
567.76001,625.440002,556,607.700012
547.47998,604.559998,543.02002,603.080017
568.299988,600.880005,564,570.559998
567.659973,579.219971,544,569.5
560,565.97998,530,532.119995
486.720001,486.720001,400.73999,411.720001
424.799988,478.5,417.380005,472.559998
452.019989,469.040009,442.059998,457.839996
435.839996,435.839996,388.73999,395.600006
423.880005,454.359985,412.040009,438.23999
460.399994,524.219971,420,510.26001
527.780029,535.440002,487.140015,519.840027
560,599.059998,544.119995,583.320007
583.5,617.719971,566.219971,613.159973
637.419983,646.640015,603.859985,610
591,604.140015,568.659973,596.679993
613.219971,638.580017,608.039978,621.059998
561.859985,575.059998,540.02002,556.73999
558,605.219971,553.039978,585.059998
589.359985,618,582,601.460022
653.119995,659.76001,610,631.940002
629.799988,665.76001,612,612.419983
659.219971,659.219971,600.700012,614.140015
620.559998,634.780029,602.200012,612.200012
622.640015,634,610,619.859985
604.02002,624,558.359985,599.080017
620.200012,634.340027,602,633.619995
594,605.460022,571.359985,574.73999
547,554,526,536
559.97998,561,498.579987,500.839996
475.440002,476.200012,379,381.779999
386,443.399994,365.399994,419.799988
446,479.799988,391.600006,409.200012
389.399994,426.600006,385,412
395.600006,407.600006,331,345.600006
330,337.799988,308,319.399994
311.399994,368,304,363.399994
410,428.399994,381,427.399994
461.799988,512.799988,447,512.799988
500.399994,503.600006,439,494.600006
482.200012,497.600006,450.399994,466.600006
440,450,359,368.600006
343.600006,429.399994,339,418
395,410.200012,344.200012,364.399994
381,404.799988,364.600006,368.600006
363,396.399994,346.600006,372
354,380,340,347
371.600006,375.200012,353,359.799988
356,369.399994,348,361.200012
385.399994,450,378.799988,443.600006
463.600006,474.399994,411.600006,421.799988
415,424,365,377.799988
388.799988,399.799988,360,364
349.799988,356.399994,324,339.799988
340.600006,382.399994,315,369.200012
354.799988,371,344.399994,360
382,385.600006,342,348.600006
343.600006,353.399994,314.799988,330.399994
297,297,224.199997,227.600006
237,241.399994,200.399994,227
201,212.600006,190,198.600006
222.800003,229.600006,192.399994,208.199997
216.399994,221.800003,209,216.600006
207.600006,213.199997,194.399994,195.600006
197,215.199997,195.399994,209.399994
212,242.199997,207,224.199997
211,231.199997,204,207
211.600006,220.600006,204,215.800003
229.399994,248,221.600006,247.199997
263.600006,276.600006,253,272.200012
273.399994,276.399994,251.199997,268.399994
262.399994,269.600006,258.600006,268.799988
278.399994,279.399994,237.800003,248.399994
256.200012,277.600006,248.800003,269.399994
269.600006,274.200012,242.399994,249.399994
252,253.399994,224,227.600006
226.800003,246,216.600006,226.399994
227,245,221,243.199997
266.200012,280,256.200012,268.600006
289,298.200012,247.399994,254.399994
249.600006,277.200012,249.600006,274
274.799988,274.799988,247,259.799988
234.800003,239,216.600006,227.800003
233,246,208.600006,218.600006
263.799988,264.600006,213.600006,232.800003
223.600006,225.600006,180,182.199997
183,183,130.399994,138
127.599998,158,121.199997,145.600006
148.199997,172.800003,142.600006,168
165.399994,168,146.199997,152.199997
154,164.800003,130,139.199997
135,140,128,138
147.199997,153,140.800003,146.199997
150,153.800003,136.399994,153
133.800003,135.600006,123.800003,128.600006
134,137,125.599998,128
133,145.800003,128.399994,143.600006
132.600006,144.399994,129.199997,141.399994
137.600006,138.800003,130,133.800003
132,144.399994,124,132
137.399994,147.800003,137.399994,146.199997
138.800003,154,131.199997,148
148.600006,157.600006,143.600006,146.399994
155,159.399994,148,152.600006
150.800003,153.600006,145.600006,153
147.199997,149.600006,127.199997,130
134.600006,140.199997,128.800003,130.199997
130.600006,134,125.199997,132.199997
137.600006,140.800003,107,107.800003
97.199997,99,84.800003,88.400002
93,95.599998,81,84.400002
88.599998,89,82.199997,84.800003
78.400002,86.400002,75.400002,85.599998
86.800003,87.599998,82,82.599998
82.599998,88.800003,81,82.800003
83.199997,86.599998,82.199997,86
89.800003,95.800003,88.199997,95.599998
93.599998,105.599998,90.599998,104.800003
108.400002,134.399994,106.199997,133.600006
135,144,111.599998,111.599998
114,133.199997,113.599998,132.399994
139.399994,140,128.399994,138.800003
151.800003,179.600006,150.600006,174.800003
162,176.399994,133.600006,151.399994
163.600006,175.800003,153.800003,158.399994
167.199997,178.800003,157.600006,168.800003
160.199997,177,150.800003,169.600006
183,184.199997,160,165.800003
158.199997,168.800003,151.600006,167.399994
184.199997,186.800003,177.600006,184
180.800003,186,161,167
160,172,153,165.600006
166,181.800003,160.199997,171.199997
178.600006,184.199997,173.800003,183.399994
181.199997,192.800003,171,178
166.600006,173.800003,162.800003,173.600006
161.199997,165.800003,157.399994,158.399994
160,168.199997,159,167.399994
170.800003,177.800003,165.199997,166.199997
177.199997,180,173.199997,178.600006
171.399994,186.600006,169,183.199997
198.199997,200.600006,190.600006,195.399994
194.800003,202,193.399994,201.399994
212.800003,248,208,246.800003
238.399994,257.799988,232,241.399994
254,260.600006,236.800003,247
249.199997,249.800003,222.399994,223.800003
216,242,213,238.800003
230.600006,237.199997,225.600006,229.399994
240,242,219.399994,237.199997
228,237.399994,223,233.399994
239.199997,247.600006,236,243.199997
244,247.800003,226.600006,228.800003
217.399994,230,204.199997,220.399994
220.399994,225.399994,199.600006,219.600006
232.600006,234.600006,222,222.399994
233.399994,233.600006,207,209.199997
207.800003,218,148,149.399994
161.800003,168,149.600006,157
143,166.199997,141.399994,165.800003
152.199997,157.800003,123,125.199997
124.800003,140,114.599998,134.399994
129.800003,131,105.599998,111.800003
106.400002,122,104,114.400002
108.400002,117.800003,107.800003,111.199997
112.199997,115.800003,106,107.199997
110,125.400002,107.199997,123.199997
126.199997,141.399994,123.599998,139.199997
138,140.600006,112.199997,114.400002
119,156,114.199997,152.199997
161.600006,161.800003,142.399994,148.199997
148.600006,151.600006,127.199997,134.399994
136.800003,145.399994,132.199997,141.600006
147,155.600006,144.199997,147.399994
152.600006,152.800003,140.800003,142.199997
145.399994,146.600006,127,133.600006
132.800003,138.800003,129.199997,132.199997
143,143.800003,134.399994,140.199997
139,140.399994,120.400002,128
126.400002,134.800003,124.599998,132
126,130.399994,124,125.800003
127.599998,137.399994,125.599998,129.199997
130,138,129.399994,136.199997
140,141,135,140.399994
134,141.600006,127,139.199997
136.600006,139.199997,132.600006,136.800003
144.600006,146,129.600006,134.800003
133.399994,138.399994,130,137.399994
142,148,138.399994,145.800003
145,152,141,151.800003
144.800003,146.399994,136,136
136.399994,138.800003,125.800003,131.399994
130,133.600006,125.400002,128.199997
125,126.800003,112.199997,118
116.400002,121.800003,114.199997,115
114.400002,116.599998,111.400002,112.199997
105.800003,108.400002,104,105
100,100,85.199997,91
90.400002,96.199997,82.800003,91.599998
91,91.800003,84.199997,87.400002
87.199997,95.800003,86.800003,90
87.550003,90,79.099998,83.050003
81.5,86.150002,80.550003,82.150002
81.75,88.25,78.650002,79.400002
75.050003,76.449997,68.599998,70.650002
71.25,77.849998,71,74.949997
76.25,76.349998,71.150002,75.550003
72.900002,75.5,71.400002,75
77.699997,82.099998,77.699997,79.75
81.349998,88.75,81.300003,88.25
92.900002,96,90.400002,92.400002
98.349998,98.699997,87.650002,93.75
94.650002,97.400002,93.25,96
102.5,106,98.050003,101.949997
99.849998,99.849998,90.699997,91.900002
94.400002,94.900002,90.900002,92.199997
94.300003,98.050003,93.800003,95.900002
97,97.650002,85.550003,86.199997
84.150002,89.849998,78.400002,88.349998
85.650002,87.349998,82.050003,84.75
89.699997,89.75,86.199997,86.400002
83.199997,85.099998,82.699997,83.300003
83.349998,85.099998,79.300003,82.199997
79.949997,83.550003,79.550003,82
84.699997,86.650002,83,85.300003
87.099998,87.650002,82.150002,86.75
90.849998,102.75,90.650002,102
98.949997,103.449997,96.599998,101.5
98.5,99.150002,92.150002,96.150002
90.599998,95.400002,90.550003,91.25
89.5,98.949997,89.25,96.199997
95.099998,105.449997,95,102.599998
108.449997,109,83.800003,88.599998
85.550003,92.400002,85.050003,88.599998
89.050003,91.75,86.800003,90.099998
87.449997,91,86.050003,86.400002
86.699997,86.800003,83.599998,85.75
85.25,90.400002,85.099998,89.75
92.75,96.25,91.900002,94.900002
98.699997,100.25,96.5,100
94.25,99.849998,94.099998,96.75
98.650002,99.949997,94.25,94.449997
96.099998,98.650002,93.300003,98.449997
95.5,96.199997,90,92.199997
91.099998,94.449997,91.050003,93.099998
88.349998,88.75,83.75,84.150002
84.199997,86.949997,81.400002,85.900002
84.800003,84.900002,80.849998,82.050003
80,80.099998,74.099998,76.599998
74.75,82.099998,74.199997,81.75
80.800003,83.25,77.25,82.75
85.5,87.099998,83.5,83.800003
83.75,84.800003,79.550003,80.400002
84.349998,86,83.199997,83.900002
86.099998,88.5,86,86.849998
89.400002,90.150002,87.400002,88.449997
87.75,89.550003,85.599998,87.800003
86.699997,90.099998,86.199997,88.550003
90.800003,91.150002,88.699997,90.099998
90.5,90.900002,83.800003,84.949997
84.75,87.349998,83.150002,83.550003
83.5,94.800003,83.099998,92.400002
92.550003,93.300003,86.650002,88.25
89.050003,93.900002,89,93.300003
92.449997,95.5,91.400002,93.150002
91.699997,96.199997,91,92.599998
91.349998,93.849998,89.300003,89.800003
89.949997,91.349998,88.25,89
86.5,86.949997,81.199997,82.949997
81.599998,83.550003,80.900002,81.550003
82.800003,83.449997,78.550003,82.099998
85.949997,87.25,83.550003,85.75
89.150002,90.349998,87.949997,89.849998
89.349998,92.400002,87.650002,92.25
89.050003,90.75,87.25,87.949997
83.349998,85.25,82.599998,84.25
83.800003,91.199997,83.25,89.849998
91.25,92.75,88.400002,90.25
93.349998,94.75,88.550003,90.099998
91.150002,94,91.150002,94
92.550003,94.099998,90.949997,91.099998
92.699997,93.400002,90.400002,93.099998
92,95.150002,91.449997,93.75
95,96.349998,90.75,94.650002
96.5,105.599998,96.5,105.400002
111.949997,113.699997,102.699997,107.300003
106.75,107,101.550003,102.75
103.199997,113.199997,103.199997,112.75
115.599998,115.949997,109.099998,114.650002
117.349998,125.400002,117.25,125.199997
123.050003,126.949997,116.550003,119.900002
125,128.800003,122.550003,127.650002
127.5,127.800003,118.050003,120.849998
113.949997,119.599998,109.650002,110.699997
110.349998,115.949997,109,114.449997
113.400002,113.400002,105.349998,107.099998
106.25,110.849998,104.800003,109.949997
109.900002,110.5,103.900002,105
100.050003,101.599998,95.849998,97.400002
98.199997,100.099998,97,99.25
100.25,104.099998,90.300003,94.099998
90,95.599998,89.849998,91.449997
94.199997,96.75,93,95.349998
93.949997,102,93.699997,100.349998
96.5,98.949997,92.099998,93.900002
90.75,92.849998,89.050003,89.349998
90.400002,93.849998,89.349998,91.599998
92.5,92.75,89.349998,89.650002
88.75,90.650002,86.550003,89.300003
90.199997,93.949997,89.599998,92.699997
94.650002,95.400002,92.699997,95
94.699997,95.199997,90.349998,90.849998
90.900002,97.199997,88.550003,96.900002
98.5,101.050003,96.75,100.5
102,102.199997,95.550003,96.5
97.599998,99.949997,92.050003,99.849998
98.800003,99.400002,96.25,97.300003
99.5,99.849998,95.150002,96.800003
96.599998,97.25,89.25,91.150002
89.5,91.25,87.650002,90.400002
89.949997,91,88.099998,88.349998
90,91.300003,88.849998,89.75
88,88.449997,85.199997,85.849998
84.400002,85.900002,81.75,84.150002
83.150002,84.099998,80.550003,81.150002
81.150002,81.5,78.349998,79
79.650002,79.900002,74.150002,75.25
74.449997,77.849998,73.199997,76.099998
74.449997,80.75,74.449997,79.400002
77.25,77.349998,75.150002,75.800003
76.900002,80.5,75.699997,76.400002
77.599998,80.75,77.400002,78.599998
79.900002,79.900002,74.849998,76.449997
76.5,82.599998,76,81.300003
80.050003,80.650002,77.099998,79.199997
81,82.75,80.25,80.650002
81.800003,81.800003,78.300003,79.699997
79.25,79.800003,75.550003,76.099998
76.949997,77.199997,74.050003,74.550003
73.400002,75,71.949997,73
74.400002,74.5,72.099998,74.099998
73.400002,74.849998,73.150002,74.400002
75.300003,78.800003,74.650002,77.599998
75.599998,75.849998,72.5,73.5
74.449997,76.650002,74.25,74.949997
76.5,78.900002,76.300003,78
76.599998,79.150002,76,76.599998
79.050003,79.5,76.800003,78.300003
78.449997,78.75,75.949997,76.849998
74.949997,74.949997,72.150002,72.699997
71.849998,74.050003,70.599998,72.099998
72.099998,76.150002,71.699997,72.599998
71.5,71.800003,69.400002,69.75
68.599998,68.699997,64.650002,66.699997
65.199997,66.650002,63.099998,63.950001
61.549999,63.049999,60.200001,61.400002
61.849998,64.050003,61.799999,63.200001
63.700001,66,62.349998,63.400002
62.650002,63.900002,62.200001,63.799999
63.400002,72.75,63.400002,71.050003
70.5,71.599998,67.449997,70.75
72.849998,72.949997,69.400002,70.199997
71.699997,74.25,71.699997,73.449997
73.900002,75.400002,72.400002,74.25
75.5,79.900002,75.050003,78.75
78.650002,82.75,78.25,81.199997
82.599998,85.5,81.349998,84.550003
86.400002,90.599998,85.300003,90.199997
91.199997,91.300003,87.150002,89.699997
90.5,91.5,87.150002,89.550003
90.5,91.449997,87.75,88.800003
91.5,96.699997,90.75,96.599998
95.650002,96.699997,87.300003,91.650002
90.599998,93.800003,88.849998,93.150002
90.900002,93.449997,90.300003,91.099998
90.25,90.650002,86.099998,87
84.199997,84.25,81.050003,81.900002
84.699997,87,82.900002,84.650002
85.75,87.449997,85.650002,86.699997
88.75,94.849998,88.75,94.050003
95.199997,99.800003,93.800003,99.099998
97.599998,100.699997,93.599998,94.150002
94.5,95.25,87.900002,88.599998
90.400002,91.900002,89.400002,89.650002
90.25,92.150002,88.150002,90.199997
88.550003,95,85.900002,94.300003
99.25,102.5,98.099998,99.800003
100.75,101.449997,88.75,89.900002
91.5,93.949997,90.150002,91.550003
88.75,89,81,82.099998
84.699997,85,77.800003,78.900002
81.25,84,75.75,82.599998
80.099998,83.150002,78.650002,82.099998
77.900002,77.900002,71.5,72.349998
73.099998,74,70.050003,73
70,71.75,66.800003,67.199997
65.75,69.75,64.400002,65.300003
65.900002,69,64.400002,65.849998
65.949997,66.099998,56.700001,61.299999
62.950001,69.900002,61.599998,67.650002
68.550003,70.449997,66.75,69.349998
69.5,80.150002,67.199997,79.150002
79.800003,80.699997,74.5,79.550003
77.300003,78.400002,69.5,72.300003
69.5,71,65.400002,66.300003
68.650002,73.199997,66,66
67.650002,68.449997,65.550003,65.75
66.300003,68.900002,65.349998,68.099998
70.199997,71.800003,69.150002,71.650002
69.650002,69.849998,64.099998,65.5
66.050003,67.099998,64.599998,64.800003
63,68.449997,60.400002,67.599998
69.599998,70.5,66.300003,66.800003
65.849998,67.349998,65.099998,67.099998
69.699997,73.449997,69.599998,70.800003
70.099998,71,65.099998,66.099998
66.5,67.099998,64.699997,66.550003
65.199997,68.75,65.150002,66.25
65.25,67.900002,63.849998,67.650002
68,68.900002,65.5,66.900002
66.800003,68.199997,66.150002,66.900002
65.849998,66.25,64.25,65.150002
65.099998,65.199997,62.849998,64.199997
64.25,67.099998,63.150002,66
65,65.400002,63.450001,64.050003
66.400002,72.099998,65.5,70.699997
69.25,70.550003,67.599998,67.949997
72.5,74.599998,71.25,72.25
73.599998,75,73.199997,73.5
70.050003,71.650002,68.800003,69.849998
67.800003,68.150002,64.75,65.349998
65.099998,67.900002,65.050003,67.800003
70,72.300003,68.699997,69.949997
68.25,68.550003,66.050003,66.849998
69.599998,69.650002,65.599998,66.300003
65,67.349998,64.949997,67.25
69.050003,69.650002,68,69.150002
68.900002,70.949997,67.199997,68.949997
70.150002,72,69.449997,70.650002
73,78.550003,72.75,75.550003
73,74.199997,72.050003,72.199997
74.300003,77.400002,74.099998,76.050003
77.25,77.25,74.599998,75.849998
75.150002,78.400002,74.650002,77.449997
79.449997,81.900002,78.900002,79.150002
79.900002,82.050003,77.050003,80.150002
77.150002,77.400002,75.150002,76.199997
73.25,73.599998,71.150002,71.599998
72.550003,74.400002,72,73.849998
71.099998,73.150002,70,71.25
72.650002,73.349998,70.900002,72.300003
73.300003,73.300003,71.5,72.449997
69.75,71.099998,68.800003,69.199997
68.349998,70.550003,67.650002,70.349998
71.300003,77.050003,70.949997,72.800003
76.300003,76.550003,73.75,75.150002
74.5,76.099998,73.150002,75.550003
74.150002,76.199997,74.150002,74.349998
73.300003,76.099998,71.550003,74.900002
75.300003,76.699997,73.949997,74.599998
77,79.25,76.75,79.099998
80.099998,80.199997,76.550003,77.449997
77.900002,78.050003,74.75,75.400002
70.5,71.900002,68.900002,70.650002
70.5,72,70.099998,70.599998
70.599998,70.650002,69.650002,70.550003
69.300003,71.949997,68.949997,70.650002
71,72.199997,69.800003,72.099998
72.5,73.050003,69.75,69.900002
69.400002,72.099998,69,71.599998
72.5,74.599998,72.25,74.400002
72.949997,73,70,70.449997
68.150002,70.599998,67.650002,69.099998
69.900002,71.849998,69.849998,71.550003
71,71.599998,69.300003,69.400002
69,70.650002,68,69.800003
71.300003,71.5,69.449997,69.75
69.75,70.900002,68.800003,70.599998
71,71.699997,69.75,70.800003
71.050003,71.300003,70,70.5
70.400002,70.400002,69.199997,69.449997
69.599998,71,69.25,70.699997
70.050003,70.949997,69.550003,69.949997
70.25,71.5,67.199997,70.75
71.800003,72.650002,71.300003,71.849998
69.449997,69.650002,67.900002,69
68.650002,69.650002,68.5,69
67.150002,68.199997,67,67.550003
67.650002,68.400002,65.5,66.099998
66.099998,67.650002,65.75,66.849998
67.349998,69.199997,67.199997,69.199997
68.75,69,67,67.550003
66.050003,67.449997,65.75,66.849998
66,67.25,64.849998,65.099998
65.25,65.949997,64.550003,65.349998
66.349998,68.900002,66.099998,68.25
66.550003,67.400002,65.199997,66.199997
68,70.349998,67.800003,69.75
71.449997,72.349998,70.849998,71.849998
72.25,74.099998,71.949997,73
75.400002,76.099998,72.949997,73.199997
71.699997,73.099998,70.5,72.550003
70.550003,71.599998,67.099998,67.400002
68.800003,69.650002,68,68.150002
67.300003,68.099998,66.75,66.800003
66,66.849998,65.150002,65.550003
63.950001,65.550003,63.700001,64.5
63.849998,65.5,62.75,65.300003
62.049999,65.75,62,62.849998
64.449997,65,63.349998,63.950001
63.150002,63.799999,61.299999,61.849998
62.450001,63.900002,62.299999,63.5
64.949997,65.5,63.599998,65.5
64.5,65.25,62.650002,62.799999
63.700001,63.950001,62.25,62.599998
62.75,62.849998,61.25,61.5
61.450001,63.5,60.849998,61.75
61.700001,62.200001,60.400002,60.599998
60.700001,60.900002,58.5,58.75
60,62.049999,59.299999,59.950001
59.650002,59.700001,57.75,57.950001
59.200001,59.349998,55.700001,55.950001
56.150002,56.849998,54.599998,56.299999
57.099998,58.599998,56.099998,56.099998
55.849998,57.200001,54.75,55.049999
53.650002,53.650002,48.599998,49.5
49.950001,50.549999,48,48.299999
45.200001,45.400002,38.299999,39.75
41.25,42.200001,36.099998,36.200001
37.349998,39.849998,36.599998,39.099998
40.5,41.599998,38.75,40.5
40.799999,41.799999,39.75,41.200001
42.25,42.25,40.5,41.549999
40.200001,40.25,36.549999,37.599998
39.200001,43.150002,38.849998,41.799999
42.5,44.400002,42.25,44.25
45.450001,46,40.150002,41.549999
41.849998,42.450001,40.450001,41.349998
40.450001,40.549999,39,39.549999
39.549999,40.75,38.75,39.049999
37.650002,38,35.599998,37
37.400002,37.450001,35.349998,35.849998
36.5,37.5,35.150002,35.5
35.349998,36.650002,34.099998,35.650002
35.650002,35.799999,33.799999,34.349998
32.700001,34.450001,32,34.049999
33.599998,38.400002,33.25,37.599998
38.900002,39.25,35.75,36.75
36.599998,36.950001,35,35.299999
36.25,38.400002,35.5,37.900002
38,38.700001,36.549999,37.5
38.650002,41.650002,38.549999,40.650002
42.700001,43.150002,40.150002,42.299999
39.849998,41.799999,39.349998,40.549999
40.950001,41.75,39.049999,39.549999
40.349998,41.200001,39.349998,39.799999
39.049999,40.349998,37.450001,38.099998
35.799999,36.099998,34.799999,35.450001
36.150002,38.049999,35.950001,37
36.25,37.700001,36.25,37.200001
38.5,40.5,38.299999,39.900002
40.150002,40.75,38.299999,38.450001
39.400002,40.900002,37.950001,38.799999
39.450001,40,37.900002,38.150002
36,39.049999,35.849998,39
38.25,38.5,36.650002,36.900002
36.900002,37.75,35.099998,37.650002
39.950001,45.5,38.900002,44.75
44.400002,45.5,41.599998,44.5
46.25,49.25,45.75,46.900002
48.049999,48.450001,44.75,46.75
46.349998,47.700001,44.650002,45.25
45.549999,47.5,44.599998,44.799999
46.099998,47,45.25,45.75
45,45.400002,43.599998,44.5
48.150002,49,45.200001,46.049999
46.049999,47.200001,44.099998,44.700001
45.200001,45.450001,40,40.400002
41.25,43.150002,39.549999,39.599998
39.799999,41.200001,38.099998,38.099998
38,40.349998,36.849998,38.450001
37.299999,37.299999,35.099998,35.849998
38,39.950001,37.700001,38.799999
38.5,39.75,37.950001,38.650002
38.25,40.450001,38.25,39.400002
39.349998,40.049999,37.599998,38
39,39.25,37,37.150002
36.549999,37.900002,36.099998,36.650002
35.099998,35.5,34.200001,34.849998
34.099998,34.5,32.150002,32.599998
33,33.200001,30.65,31.15
31.049999,33.799999,30.85,32.700001
33.5,34.849998,33.299999,34.599998
35.900002,36.650002,35.5,36
36,37.799999,35.950001,36.400002
37.049999,37.049999,33.700001,35.450001
36.450001,38.75,36.400002,38.049999
37,37.5,34.700001,35.049999
35.5,36.299999,33.599998,33.900002
33.900002,34.049999,31.25,32
31.5,35.5,31.299999,34.400002
34.950001,35.150002,33,33
33,33.099998,31.299999,32.25
34,34.700001,32.849998,33.799999
35,35.400002,33.599998,34
34.650002,35.400002,33.599998,34.349998
34.799999,38.200001,34.650002,37.349998
36.700001,38.599998,35.599998,36.400002
37.049999,38.099998,36.049999,37.099998
37,39.049999,36.849998,38.75
37.950001,38.700001,37.700001,38.549999
36.599998,37.400002,35.5,36.299999
37,40.25,37,40
40.099998,43.400002,39.650002,42.950001
43.849998,46.650002,36.75,37.200001
41.650002,42.450001,40.099998,41.349998
41.25,42,38.700001,40.900002
42.75,44.75,42.349998,44.5
46.200001,46.5,40.799999,42.099998
43.349998,44.299999,42.25,43.799999
43.599998,44.650002,42.5,42.75
43.349998,46.099998,42.25,46.049999
45.75,47.599998,44.650002,46.450001
48.450001,52.150002,47.900002,51.5
48.849998,51.299999,48.349998,50.599998
51.599998,51.950001,48.25,48.700001
46.5,49.799999,45.700001,49.700001
49,52.049999,48.849998,51.200001
50.599998,51.400002,47.849998,48.099998
48.849998,49.25,47.349998,47.900002
48.849998,49.25,46.700001,47.5
47.650002,48.5,44.400002,45.049999
45.049999,46.099998,44.450001,45.25
44.5,46.349998,44.299999,45.75
44,44.450001,41,41.549999
41.900002,42.849998,41.099998,42.25
41.25,43.549999,41,42.849998
42,43.049999,41.75,42.400002
44.299999,47.25,44,46.650002
47.099998,49.950001,46.799999,49.849998
51.200001,52.950001,49.900002,52.900002
52.099998,56.950001,51.450001,54.650002
56.599998,58.099998,56.25,58.099998
57,57.950001,54.549999,57.5
55,56.700001,54.400002,55.5
56.150002,56.950001,54.25,56.950001
54.75,57.349998,53.200001,53.450001
53.900002,54.299999,50.900002,51
52.299999,54.950001,51.950001,54.400002
51.75,53.849998,51.400002,52.099998
53.049999,53.450001,51.25,52.549999
51.849998,55,51.849998,52.200001
52.25,54.349998,51.900002,54.200001
55.5,57.450001,53.400002,57.400002
59.75,65,59.450001,64.5
66,68.5,63.950001,65.099998
62.5,62.5,60,61.200001
62.099998,64.5,61.349998,61.799999
60.799999,62.200001,58.400002,58.5
59.200001,59.75,56.349998,59.75
58.450001,59.400002,55.200001,56
55.799999,55.950001,53.849998,54.049999
52.75,54.549999,49,49.25
47.549999,49.450001,46.150002,49.049999
48.349998,49.349998,47.299999,49.150002
49,49.299999,45.349998,45.549999
45.599998,47.900002,45.200001,46.849998
50.400002,53.349998,49,52.700001
52.650002,53.099998,49.099998,51.450001
52.150002,54.700001,52,54.349998
55.599998,57.049999,54.299999,56.099998
52.700001,53.400002,51.200001,51.599998
52.799999,54,51.049999,52.549999
53.299999,53.75,50.349998,51.099998
52.799999,53.099998,51.549999,51.799999
52.5,56.650002,50.349998,55.849998
56.25,56.900002,52.900002,56.099998
54.25,56.150002,53.25,54.049999
55.5,58.349998,54.75,57.75
56.950001,58.200001,55.849998,57.75
57.049999,58,54.400002,54.799999
51.900002,52.099998,48.849998,49
50.5,50.799999,49,49.049999
49.450001,49.599998,44.150002,45
45.049999,46,44.700001,45.25
45.599998,46.450001,45,45.849998
44,49.150002,43.549999,48.599998
48.5,48.900002,47.099998,48.799999
50.799999,51.450001,49.700001,51.150002
52,52.349998,51.150002,52.049999
51.650002,52.5,49.75,50.099998
47.950001,48.799999,46,46.599998
46.599998,47.5,45.650002,45.75
44.200001,45.75,43.400002,44.950001
43.099998,43.400002,42,42.150002
41.75,42.700001,40.700001,41.650002
41.099998,42,38.599998,39.150002
39.549999,39.650002,36.299999,36.700001
35.599998,36.700001,35.25,36
36.150002,38.950001,35.549999,37.900002
38.150002,39.5,36.849998,37.400002
38.900002,41.450001,38.650002,40.849998
40,40.099998,37.150002,37.799999
37.650002,38.950001,37.5,37.799999
37.200001,38.849998,34.799999,35.599998
34,34.599998,32.849998,33.5
34.349998,35.700001,33.799999,34.200001
33.799999,35.25,33.599998,34.400002
34.75,36.950001,33.799999,36.650002
37.400002,38,34.549999,34.950001
34.900002,35.950001,34.299999,34.549999
35,35.25,33.75,33.950001
35.75,37.25,34.599998,36.950001
36.799999,37.150002,34.900002,36.25
36.349998,36.950001,35.549999,36
35.099998,35.150002,33.650002,34.400002
33.799999,35.099998,33.349998,34.849998
34.5,34.900002,33.900002,34.150002
33.650002,34.450001,33.049999,34.25
34.049999,34.25,31.549999,32.099998
33.200001,34.349998,32.049999,32.599998
32.650002,33.150002,32.150002,32.950001
31.950001,32.700001,31.549999,32.349998
32.5,32.799999,31.75,32.150002
32.150002,34.150002,31.549999,34
35.200001,38.150002,35.200001,37.75
39.75,43.650002,39.349998,43.299999
41.349998,43.5,41.099998,43.5
45.049999,46.150002,41.349998,42.299999
43.099998,43.700001,42.049999,43.150002
44.5,45,42.099998,42.549999
40.099998,40.450001,38.450001,39.25
38.549999,41.349998,38.549999,40.549999
41.799999,43.650002,41.599998,42.849998
43.200001,45.049999,42.75,44.75
46.650002,48,43.400002,44.900002
44.900002,46.150002,43.900002,45.25
47.400002,48.150002,44.950001,46.650002
46.200001,48.650002,45.200001,48.599998
54.950001,57.099998,53.900002,56.799999
57.25,57.650002,53.450001,57.650002
59.400002,63.75,58.200001,63.5
65.050003,65.849998,56.299999,60.049999
56.799999,62.049999,55.650002,59.75
59.150002,59.5,57.549999,58.849998
59.380001,60.549999,57.779999,59.950001
54.66,56.18,50.599998,51.599998
53.799999,59.860001,53.700001,59.080002
59.459999,59.919998,57.619999,58.98
54,57.84,52.450001,57.41
57.75,58.669998,56.009998,56.009998
56.490002,59.5,55.369999,59.02
62.279999,63.970001,60.419998,63.919998
63.25,64.730003,59.299999,60.779999
60.970001,63.57,60.25,63.110001
63.09,64.739998,62.099998,64.5
63.16,67.5,63.029999,64.550003
65.910004,73.599998,65.849998,73.209999
73.169998,86.839996,71.089996,86.150002
83,87.75,79.139999,83.459999
83.5,86.730003,83.5,85.660004
85.230003,87.989998,78.809998,81.540001
83.709999,86.300003,82.050003,85.919998
84.449997,84.449997,76.669998,77.379997
79.550003,80.160004,76.089996,77.160004
78.389999,81.809998,75.879997,81.540001
82.260002,85.419998,81.389999,84.120003
82.980003,84.379997,69.580002,70.339996
66.510002,82.559998,66,81.050003
80,83.699997,78.5,80.379997
88.080002,94.489998,86.589996,90.589996
90.199997,91.739998,86.330002,89.82
99.360001,104,95.279999,95.5
93,101.879997,90.709999,100.559998
98.129997,100.860001,94.739998,95.419998
96.099998,99.669998,89.480003,89.709999
94.010002,94.5,78,83.739998
88.209999,89.839996,81.25,81.75
81.360001,86.800003,79.860001,85.620003
82.07,83.639999,77.779999,78.089996
73.150002,79.239998,71.330002,74.43
76.050003,84.610001,75.739998,82.400002
80.129997,82.370003,79,80.440002
78.610001,80.739998,76.809998,77.059998
79.199997,90,78.550003,89.040001
90.93,93.290001,86.019997,89.139999
88.800003,98.349998,88.040001,96.559998
96.870003,99.489998,91.949997,95
95.349998,95.529999,84.059998,87.099998
86.339996,91.949997,85.260002,87.599998
91.379997,96.93,91.330002,93.360001
92.730003,98.400002,92.5,98.190002
91.5,91.599998,80.510002,81.760002
83.599998,86.739998,75,75.019997
75.839996,75.989998,66.639999,68.800003
68.110001,71.089996,66.599998,67.07
67.370003,71.379997,67.139999,67.800003
73.110001,75.129997,63.57,64.150002
65.139999,66.879997,58.68,58.709999
63.889999,65.68,60.57,64.050003
65.139999,70.050003,63.869999,68.900002
69,69.639999,60.509998,62.580002
64.93,68.900002,64.620003,67.720001
68.129997,73.589996,66.830002,73.330002
74.5,78.949997,74.379997,78.739998
75.75,82.300003,73.730003,81.779999
79.68,80.860001,69.660004,70.860001
72.07,73.980003,67.160004,67.470001
63.75,67.910004,62.220001,64.010002
60.299999,62.84,55.700001,57.139999
56.57,64.099998,56.330002,60.07
63.41,64.360001,60.740002,63.110001
62.5,67.440002,61.66,62.299999
61.369999,66.559998,61.099998,66.419998
64.169998,67.370003,62.400002,63.709999
66.800003,69.040001,64.889999,68.800003
68.900002,69.290001,64.599998,65.349998
65.82,67,62.07,66.5
64,64.300003,59.209999,60.099998
59.41,61.490002,58.759998,59.84
58.080002,58.400002,53.509998,53.759998
55.630001,57.689999,54.259998,57.549999
56.450001,61.830002,56.400002,60.68
59.860001,61.68,57.650002,59.860001
61.209999,61.439999,55.080002,55.66
55.84,56.880001,53.41,55.75
56.779999,58.75,56.630001,57.689999
58.619999,62.220001,58.259998,61.939999
66.370003,67.279999,61.27,64.389999
61.779999,62.509998,59.310001,60.209999
58.580002,63.689999,58.25,62.060001
63.060001,64.510002,59.16,64.510002
66.75,69.720001,65.57,69.440002
68.010002,70.410004,66.75,70.290001
69.690002,70.690002,66.769997,67.349998
62.75,64.300003,60.740002,62
62.689999,65.75,61.599998,64.470001
62.439999,62.59,56.009998,57.099998
54.490002,57.389999,54.209999,54.990002
54.5,55.939999,53.439999,54.810001
54.84,57.860001,52.380001,57.57
58.779999,59.639999,57.540001,58.150002
58.779999,60.5,57.599998,60.470001
58.830002,61.029999,58.130001,58.330002
58.459999,60.849998,57.900002,60.639999
59.639999,62.889999,59.18,59.810001
59.75,61.5,58.009998,60.950001
60.709999,61.349998,56.009998,56.369999
57.220001,57.419998,54.849998,55.84
55,56.740002,53.93,54.18
54.52,59.279999,53.799999,58.830002
57.380001,58.400002,55.73,57.860001
58.080002,62.32,57.91,62.200001
60.98,62.990002,60.099998,62.779999
66.580002,69.129997,66.5,68.910004
67.610001,68.190002,64.790001,67.379997
66.129997,70.660004,66.059998,68.080002
63.5,65.480003,61.080002,61.349998
62.310001,62.790001,60.82,61.75
62.650002,63.34,61.299999,62.279999
63,68.410004,62.779999,67.779999
70.230003,71.099998,65.25,67.220001
65.730003,68.389999,64.169998,67.419998
67.970001,68.199997,64.599998,64.830002
65,65.699997,63.349998,63.689999
63.830002,65.32,63,64.800003
65.449997,65.900002,63.650002,65.400002
65.940002,65.940002,62.18,62.580002
63.52,69.150002,63.080002,69.07
70.849998,76.919998,70.400002,76.860001
80.080002,83.18,77.75,81.559998
81,81.779999,77.5,78.129997
79.360001,84.290001,78.75,83.839996
87.029999,87.779999,83.18,83.470001
86.949997,88.050003,82.209999,84.110001
88.989998,89,80.400002,81.419998
86.879997,87.379997,79.43,81.629997
81.699997,85.75,80.269997,85.540001
84.050003,84.5,73,74.720001
72.389999,75.129997,71.190002,71.389999
72.660004,76.269997,72.220001,74.540001
73.099998,73.169998,67.809998,68.080002
67.690002,73,67.660004,72.709999
74.019997,77.900002,72.019997,76.540001
75.199997,76.25,72.720001,74.709999
76.389999,77.110001,72.449997,74.089996
72.160004,77.610001,71.550003,77.290001
77.330002,78.25,75.290001,77.650002
75.800003,79.089996,73.779999,74.5
74.559998,79.379997,74.559998,78.449997
81.25,81.720001,74.050003,75.980003
74.199997,75.620003,69.330002,70.410004
70,75.900002,69.529999,74.839996
76.400002,77.470001,73.559998,74.989998
75.419998,78.980003,75.239998,76.5
74.599998,75.68,71.730003,72.669998
70.459999,71.879997,67.459999,70.610001
70.5,72.830002,69.120003,70.639999
71.949997,74.150002,70.900002,73.370003
74.610001,75.900002,69.660004,69.82
71.589996,74.339996,70.129997,72.82
72.040001,73.599998,70.169998,72.580002
72.550003,73.07,70.599998,71.050003
73.199997,75.18,71.910004,73.559998
74.529999,76.519997,73.150002,73.239998
76.400002,82.449997,74.769997,82.199997
85.730003,90.290001,83.099998,90.290001
88.260002,92.419998,85.540001,88.360001
93.199997,96.419998,91.779999,95.529999