5,5.14,4.83,5.02
4.77,5,4.47,4.99
4.17,4.7,4.16,4.54
4.9,4.96,4.68,4.69
5.22,5.3,4.99,5.16
5.39,5.48,5.15,5.17
5.87,6,5.46,5.49
6.02,6.12,5.95,6.05
6,6.11,5.86,6.04
6.02,6.18,5.98,6.15
6.05,6.2,5.91,5.97
6.12,6.25,5.92,6
5.9,6.3,5.84,6.3
6.09,6.19,5.93,6.02
6.24,6.33,6.04,6.2
6.14,6.41,6.09,6.23
5.8,6.01,5.72,5.93
5.76,5.81,5.52,5.66
5.67,5.9,5.61,5.83
6.08,6.15,5.72,5.75
5.85,6.11,5.71,6.08
5.34,5.74,5.31,5.65
5.92,5.94,5.52,5.55
5.91,5.95,5.64,5.89
5.77,5.91,5.71,5.8
6.19,6.21,5.72,5.73
5.9,6.15,5.85,6.05
5.99,6.11,5.89,5.9
6.08,6.25,5.79,5.84
6.6,6.6,6.16,6.19
6.21,6.54,6.18,6.54
6.25,6.31,6.02,6.08
6.35,6.4,6.12,6.36
5.59,6.29,5.56,6.16
5.7,5.8,5.5,5.53
5.39,5.81,5.35,5.7
5.3,5.8,5.3,5.71
5.46,5.75,5.39,5.62
5.42,5.65,5.38,5.62
5.89,5.89,5.53,5.54
5.84,5.99,5.73,5.89
5.91,5.98,5.67,5.8
6.58,6.6,6.05,6.07
7.2,7.26,6.66,6.7
7.07,7.37,7.05,7.33
7.07,7.25,7.01,7.09
7.36,7.4,7.09,7.1
7.16,7.36,7.12,7.34
6.92,7.22,6.91,7.18
7.11,7.22,6.83,6.92
6.72,7.16,6.63,6.98
7.31,7.37,6.82,6.9
7.39,7.61,7.37,7.39
7.39,7.63,7.35,7.57
7.41,7.53,7.21,7.5
7.26,7.26,6.85,7.02
7.03,7.27,6.96,7.11
7.1,7.12,6.79,6.96
7.63,7.69,7.38,7.43
7.79,7.82,7.41,7.46
7.93,8.06,7.75,7.83
8.23,8.34,7.71,7.73
8.02,8.3,7.87,8.28
7.65,7.94,7.61,7.77
7.44,7.75,7.31,7.75
7.46,7.65,7.23,7.34
7.57,7.59,7.2,7.39
7.84,7.84,7.44,7.45
7.83,7.85,7.54,7.81
7.71,7.84,7.56,7.63
7.83,7.88,7.6,7.82
8.27,8.56,7.94,7.98
8.26,8.4,8.1,8.29
8.3,8.4,8,8.28
7.64,8.23,7.59,8.04
7.55,7.74,7.33,7.41
7.68,7.85,7.56,7.68
6.98,7.28,6.94,7.25
6.96,7.15,6.79,6.88
7.15,7.24,6.77,6.81
7.5,7.95,7.33,7.33
7.86,7.91,7.37,7.56
7.4,7.72,7.4,7.66
6.95,7.44,6.81,7.18
7.8,7.84,7.31,7.35
8.12,8.12,7.76,7.94
8.12,8.48,7.96,8.18
7.58,8.22,7.54,8.13
7.83,7.98,7.61,7.68
8.26,8.27,7.49,7.73
8.35,8.57,8.04,8.08
7.99,8.57,7.97,8.57
7.86,7.92,7.61,7.84
7.36,7.94,7.34,7.88
7.12,7.48,6.99,7.07
6.85,7.2,6.85,7.06
7.08,7.32,6.84,6.85
7.48,7.57,7.16,7.46
7.87,7.9,7.23,7.25
7.62,7.78,7.12,7.76
7.59,8,7.56,7.64
8.38,8.46,7.58,8.06
8.06,8.41,7.75,8.23
7.62,7.76,7.35,7.64
6.84,7.16,6.66,7.12
6.37,7.05,6.31,6.89
6.7,6.78,6.18,6.25
6.73,6.81,6.5,6.51
7.23,7.47,6.83,6.87
7.52,7.6,7.22,7.29
7.3,8.18,7.28,7.69
7.87,7.94,7.16,7.3
8.04,8.41,7.81,8
8,8.66,7.82,8.61
7.02,8.11,6.9,8.06
7.8,7.86,7.28,7.7
7.71,7.93,7.42,7.88
7.02,7.78,6.94,7.69
6.46,7.15,6.27,7.12
6.07,6.65,6.04,6.54
6.07,6.08,5.67,5.69
6.08,6.18,5.77,6.03
6.57,6.61,6.16,6.32
6.02,6.63,5.98,6.43
5.89,6.24,5.78,6.02
6.51,6.54,5.9,5.95
6.51,6.7,6.32,6.54
7.29,7.36,6.49,6.57
7.39,7.52,7.21,7.44
7.32,7.38,7.15,7.26
7.75,7.77,7.06,7.19
8.07,8.2,7.57,7.92
7.6,7.78,7.41,7.64
7.66,7.77,7.2,7.33
7.18,7.59,7.02,7.57
6.83,7.99,6.8,7.5
6.74,7.13,6.6,7.1
6.74,6.88,6.53,6.84
7.08,7.24,6.54,6.59
6.72,7,6.4,6.98
7.46,7.68,7.32,7.38
7.55,7.69,7.11,7.46
8.37,8.38,7.91,8.18
10.05,10.09,8.02,8.14
8.49,9.65,8.35,9.54
8.34,8.5,8.22,8.36
8.82,8.98,8.43,8.43
8.67,8.95,8.56,8.89
8.3,8.85,8.3,8.74
8.17,8.42,8.09,8.14
8.1,8.59,7.93,8.37
8.21,8.31,8.03,8.1
8.37,8.62,8.05,8.28
9.47,9.56,8.01,8.08
10.3,10.35,9.25,9.26
10.4,10.6,10.17,10.48
10.36,10.57,10.2,10.32
10.58,10.73,10.27,10.3
10.41,10.89,10.22,10.64
10.54,10.88,10.3,10.32
11.44,11.61,11.03,11.03
11.32,11.62,11.09,11.4
11.92,12.28,11.23,11.36
11.05,11.4,11.02,11.05
12.19,12.29,11.02,11.19
12.34,12.69,12.1,12.61
11.57,11.85,11.29,11.37
11.67,11.9,11.56,11.64
11.97,12,11.11,11.38
10.54,11.87,10.5,11.25
11.82,11.91,10.75,10.76
12.29,12.76,12,12.01
12.94,13.09,12.01,12.26
14.94,15.06,14,14.11
14.53,15.26,14.25,14.71
15.34,15.68,15.05,15.11
15,15.75,14.65,15.33
16.04,16.1,15.47,15.55
16.5,16.5,15.79,16.08
17.44,17.5,16.65,16.89
17.23,17.62,17.03,17.12
15.94,16.6,15.77,16.26
16.77,16.88,16.18,16.36
16.33,17.45,15.95,16.87
17.86,17.87,16.86,16.88
18.55,18.7,17.11,17.2
20.88,20.88,19.1,19.54
23.29,23.55,22.05,22.19
23.06,23.6,22.94,23.29
23.45,23.79,23.11,23.24
23.15,23.41,22.69,22.87
22.94,23.35,21.77,23.18
22.49,23.85,22.42,23.56
22.96,23.22,22.36,22.41
22.39,22.63,21.96,22.49
23.25,23.46,22.23,22.42
22.5,23.37,22.36,22.85
21.71,22.19,21.42,22.13
21.93,22.75,21.81,21.94
22.7,23.45,21.52,21.71
23.05,24.05,23.02,23.98
23.14,23.59,22.29,23.41
21.85,23.72,21.63,23.28
23.63,24.1,22.12,22.54
24.05,24.26,23.39,23.99
23.59,24.08,22.93,24
24,24.52,23.44,24.43
22.29,23.77,21.39,23.2
22.24,22.33,21.6,21.98
21.11,22.49,21.1,22.19
21.62,21.62,20.46,20.82
21.53,22.51,21.14,22.16
22.38,22.84,21.19,21.75
22.46,22.7,21.89,22.38
20.58,22.01,20.56,21.85
20,21.19,19.68,20.8
19.46,20.33,19.2,19.84
19.15,19.52,18.99,19.44
19.08,19.28,18.3,18.39
18.4,18.66,18.1,18.5
18.15,18.69,17.72,18.34
17.09,17.57,16.83,17.48
17.02,17.44,17.01,17.07
17.26,17.68,17.1,17.33
18,18.38,17.87,17.96
19.41,19.61,17.72,17.78
18.82,18.88,18.39,18.83
19.13,19.2,18.66,18.82
17.98,19.47,17.85,19.16
17.58,18.09,17.51,18.08
17.52,18.24,17.37,18.07
16.25,16.78,16.06,16.72
16.68,16.82,16.01,16.09
17.11,17.18,16.07,16.31
17.77,17.9,17.15,17.33
17.57,18.34,17.34,17.44
18.76,19.71,17.43,17.69
18.5,18.94,18.3,18.94
18.4,19.25,18.27,19.2
18.27,18.95,17.9,18.6
18.3,18.84,18.15,18.68
17.31,17.89,17.08,17.35
18.51,18.6,17.63,17.7
18.52,19.45,18.17,18.66
18.95,19.69,18.45,18.54
21,21,19.82,20.12
19.75,21,19.74,20.82
20.25,20.47,19.68,19.71
20.65,21.22,19.97,19.99
19.5,20.4,18.82,20.31
18.72,19.21,18.71,19
18.15,19.06,17.98,18.72
17.72,18.66,17.6,17.82
17.16,17.74,17,17.74
16.96,17.23,16.41,17.11
16.92,17.31,16.76,17.19
16.62,16.93,15.75,16.42
18.06,18.23,16.63,16.9
19.1,19.74,18.69,18.72
19.9,20.24,19.35,19.43
19.79,20.04,19.07,19.97
19.23,19.91,19.1,19.59
19.6,19.61,18.96,19.57
19.55,19.62,18.66,18.85
19.25,19.91,18.92,19.73
18.88,19.25,18.34,19.21
18.54,19.26,18.3,18.34
19.33,19.4,18.56,18.58
18.5,19.28,18.2,18.39
18.86,19.15,18.1,18.1
20.36,20.6,18.43,19.41
20.95,21.45,20.01,20.04
22.37,22.47,21.52,21.52
23.77,23.77,22.3,22.45
25.3,25.35,24.52,24.85
25.55,25.84,24.45,24.78
25.34,25.87,24.82,25.04
24.96,25.78,24.36,25.58
24.53,24.79,23.9,24.14
24.61,24.84,23.87,24.56
23.26,25.03,22.93,24.41
22.72,23.61,22.27,23.24
22.85,23.1,22.33,22.91
22.46,23.27,22.05,23.09
23.14,23.16,21.85,22.14
23.7,24.19,22.94,22.95
21.62,23.2,21.51,22.99
22.68,23.13,21.94,22.21
22.45,22.82,21.56,21.62
23.05,23.8,22.51,23
24.4,24.85,22.84,22.86
23.73,24.74,23.3,24.69
23.75,24.39,23.35,23.39
22.51,24.99,22.29,24.61
24.69,24.76,23.12,23.19
24.96,26.17,24.43,25.51
25.31,26.15,24.04,24.63
24.45,28.37,23,28.1
26.45,26.45,24,24.29
27.44,27.55,25.96,26.09
27.75,28.34,27.21,28.09
27.49,27.52,26.76,26.76
28.53,28.53,26.74,26.88
27.94,28.94,27.19,28.64
28.59,28.82,26.46,28.11
29.47,29.82,27.33,27.84
30.32,31.11,29.29,30.18
30.34,31.02,29.86,30.6
31.6,32.87,31.17,31.44
33.43,34.74,32.75,33.25
31.5,32.83,31.08,32.72
35.18,35.28,31.19,31.95
32.49,35.3,32.42,34.45
31.79,32.76,30.56,32.58
30.65,32.42,30.3,32.09
31.72,31.88,29.45,29.98
31.59,34.18,31.59,32.5
32.3,32.39,30.76,32.09
32.1,32.6,31.5,32.18
34.56,35.15,33.42,33.66
38,38.05,33.65,35.22
36.38,38.5,35.81,37.59
35.43,36.56,35,36.44
34.47,35.47,33.8,34.26
33.56,33.58,31.95,32.42
31.81,32.95,31.5,32.78
31.65,32.77,31.06,32.25
32,32.58,30.41,31.48
31.92,32.5,31.11,31.34
33.22,33.49,31,31.63
35.44,36.54,35,35.17
34.91,35.65,33.32,33.9
34.5,35.65,32.37,34.51
33.94,34.6,31.47,34.35
30.47,35.16,30.29,34.61
29.75,30.91,28.95,30.71
28.35,30.37,27.69,29.59
30.38,31.47,30.17,30.67
29.36,30.14,28.84,29.92
30.64,31.07,28.44,30.06
30.2,31.08,29.02,30.55
29.08,31.05,28.58,29.99
29.83,30.32,28.2,29.78
31.4,33.45,30.71,31.2
36.1,36.95,30.01,30.82
40.23,41.4,37.77,38.23
38.72,40.45,38.46,39.82
40.05,41.01,37.76,37.77
37.16,38.63,36.78,38.33
36.72,38.55,36.27,37.66
35.69,37.58,34.93,37.37
37.36,37.82,35.74,35.93
39.78,39.8,38.61,39.16
39.44,39.6,38.11,39.29
41.32,41.7,39.51,40.32
38.25,40.07,37.45,39.83
36.74,37.87,35.82,37.27
37.12,37.98,35.79,37.87
38.73,39.35,36.89,37.72
36.75,38.43,35.85,36.87
39.39,39.48,36.63,37.87
40.98,41.48,39.78,40.4
42.21,43.02,40.1,40.87
42.54,43.62,41.64,43.22
40.35,43.45,40.16,42.54
46.99,47.65,40.88,42.16
47.34,48.79,46.11,46.37
44.11,46.44,43.78,46.11
45.08,46.43,43.2,44.14
43.42,44.95,42.1,44.38
42.35,44.79,42.03,44.03
41.52,43.45,41.2,43.05
38.87,40.03,37.94,39.74
38.07,39.48,37.9,38.87
37.09,37.62,36.35,37.2
35,38.15,34.35,37.44
36.63,36.93,35.35,35.46
38.8,39.53,35.63,37.36
38.42,41.24,38.25,40.55
37.2,37.99,36.98,37.16
38.48,39.42,37.63,37.89
38.4,40.05,37.73,38.66
41.67,42.08,38.63,39.29
38.95,43.18,38.02,43.17
35.85,40.97,35.83,40.37
32.9,34.34,32.73,34.17
31.58,33.6,31.26,33.15
30.1,30.74,29.6,30.51
29.41,29.9,28.57,29.86
30.09,30.38,29.51,29.63
28.46,30.17,28.32,30.05
28.93,29.16,28.5,29.01
28.5,28.74,27.38,28.1
28.38,29.15,28.21,28.86
27.69,28.33,27.55,28.12
28,28,26.88,27.45
27.62,27.93,27.19,27.64
27.1,27.7,26.78,27.4
26.57,27.24,26.15,27.13
25.8,26.79,25.77,25.84
27.02,27.02,26.29,26.39
26.33,27.45,26.31,27.37
25.84,26.4,25.58,25.93
26.92,26.92,25.38,26.55
26.07,26.34,25.5,25.56
26.04,26.22,25.3,25.5
25.43,25.78,25.07,25.57
25.13,25.28,24.74,25.28
24.51,24.71,24.09,24.5
23.75,25.24,23.63,24.97
23.7,23.93,23.13,23.29
22.44,23.42,22.21,23.32
22.95,23.22,22.64,23.19
23.31,23.31,22.78,22.9
24.22,24.27,23.1,23.55
24.8,25.24,24.48,25.03
25.44,25.45,23.86,24.22
25.68,26.04,25.39,25.46
25.69,25.93,25.15,25.93
25.63,25.95,25.17,25.3
24.9,25.39,24.69,25.26
25.3,25.4,24.48,24.54
25.61,25.74,25.23,25.54
24.81,25.67,24.73,25.48
24.95,25.03,24.47,24.9
24.57,24.67,24.11,24.26
24,24.77,23.96,24.42
23.47,23.53,23.13,23.14
23.61,24.5,23.36,23.74
23.89,24.02,23.45,23.71
24.16,24.31,23.5,23.52
23.97,24.36,23.92,24.13
23.57,24.09,23.43,23.75
23.66,24.07,23.36,23.45
24.34,24.41,23.62,23.86
23.85,24.47,23.76,24.38
24.22,24.78,23.86,24.24
24.09,24.35,23.8,24.13
24.49,24.52,23.66,23.8
24.85,25,24.06,24.7
23.61,24.43,23.54,24.24
23.96,24.12,23.22,23.22
25.23,25.3,23.91,24.17
24.22,24.94,23.88,24.92
24.79,25.12,24.23,24.26
24.99,25.23,24.48,24.68
24.49,24.88,24.44,24.63
24.6,24.6,24.1,24.37
24.19,24.84,24.07,24.44
22.35,23.19,22.34,22.9
22.21,22.71,22.06,22.6
22.79,22.89,22.26,22.34
23.34,23.47,22.95,23.37
23.6,24.33,23.05,23.21
23.52,23.52,22.85,23.25
23.53,23.78,23.13,23.31
23.27,23.65,22.88,23.32
24.15,24.4,22.86,24.11
25,25.22,24.16,24.25
23.94,24.53,23.83,24.41
23.2,23.5,23.02,23.04
23.56,23.99,23.21,23.44
24.01,24.32,23.29,23.77
23.73,23.84,23.04,23.15
23.87,24.18,23.64,24.04
22.86,23.5,22.77,23.16
22.17,22.87,21.83,22.17
22,22.44,21.44,22.39
23.2,23.32,22.3,22.49
22.45,23.25,22.41,22.89
23.36,23.38,22.16,22.63
23.89,24.07,23.38,23.95
24.06,24.12,22.2,23.19
25.12,25.13,24.27,24.74
25.42,26.23,24.99,25.68
25.16,25.57,25.01,25.37
26.68,26.77,25.71,25.78
25.07,26.28,24.98,26.14
25.59,26.22,25.35,25.91
24.94,25.32,24.16,24.94
27.08,27.08,25.71,25.75
26.3,27.25,26.07,26.89
25.32,25.86,24.86,25.72
24.89,24.93,24.1,24.31
25.75,25.8,24.53,25.4
26.87,27.8,26.56,27.7
28.01,28.41,25.86,26.49
28.7,29.3,28.35,28.82
28.45,29.09,27.78,28.06
28.37,29,27.91,28.31
27.67,28.35,27.43,28.15
27.4,27.48,26.84,27.15
26.91,27.76,26.57,27.27
28.14,28.58,26.93,26.98
28.04,28.32,27,27.73
27.42,28.25,27.25,27.41
26.38,27.98,26,27.69
26.55,26.56,25.28,26.06
28.3,28.89,27.54,27.6
27,28.24,26.66,28.1
29.66,30.36,27.55,27.81
28.05,28.71,27.68,28.67
26.6,28.65,26.53,28.09
26.06,26.38,25.5,25.73
27.47,27.65,26.44,26.54
26.66,27.48,26.25,27.4
26.23,27.21,24.69,27.19
25.79,26.99,25.43,26.84
23.8,25.65,23.59,24.79
23.2,24.37,22.97,23.2
26.89,27.19,22.79,23.12
26.92,27.56,26.64,26.9
28.64,29.15,26.35,27.06
28.24,31.46,28.16,29.34
27.61,28.26,26.89,28.25
27,27.95,25.98,27.67
25.28,26.99,25.24,26.55
23.69,25.35,23.65,24.57
22.75,24.32,22.67,23.97
22.13,22.47,21.52,21.77
21.92,23.2,21.42,21.7
21.54,22.85,21.36,22.48
20.8,22.14,20.73,21.93
20.4,20.61,20.04,20.27
19.38,21.15,19.04,20.75
19.85,19.94,19.04,19.61
22.41,22.94,20.77,20.92
22.02,22.52,21.71,22.02
21.79,22.22,21.65,22.2
21.38,22.44,21.06,22.3
20.79,21.46,20.05,21.38
21.21,21.29,20.21,20.31
22.54,22.82,21.27,21.3
23.48,23.48,23.04,23.19
23.35,23.83,23.01,23.55
23.8,24.38,23.53,23.93
22.66,23.49,22.54,23.02
22.69,22.85,22.24,22.33
22.82,23.16,22.17,22.21
22.11,23.54,22,22.64
23.07,23.18,21.88,21.98
23.5,24.14,23.32,23.7
23.64,24.4,23.38,23.75
23.66,24.25,23.56,23.85
24.53,24.84,23.67,23.77
25.32,25.53,24.72,24.76
26.4,26.4,25.28,25.7
27.18,27.22,25.84,26.04
27.43,27.89,27.07,27.49
27.95,28,27.15,27.45
28.02,28.81,27.9,28.66
28.41,29.46,28.08,28.38
31.21,31.26,27.42,28.1
31.32,31.98,31.15,31.37
30.62,31.28,29.67,30.94
30.6,30.71,29.64,30.27
31.34,31.4,30.16,30.67
29.69,30.5,29.33,30.17
28.79,29.75,28.48,29.05
27.69,28.29,27.52,28.16
27.64,27.65,25.85,27.09
27.47,27.92,26.97,27.28
26.15,27.15,26.1,27.03
25.22,25.67,24.85,25.6
25.07,25.83,24.91,25.23
25.56,26.04,25.13,26
26.04,26.1,25.4,25.64
26.88,26.93,26.19,26.41
26.71,27.28,26.53,27.02
26.39,26.93,25.72,26.09
26.79,26.98,26.48,26.73
26.46,27.18,26.43,26.61
27.47,27.73,26.43,26.83
26.92,27.21,26.62,26.93
26.08,27.17,25.9,27.08
25.79,26.18,25.6,25.99
25.58,26.06,25.35,25.82
26.13,26.79,25.93,26.26
27.3,27.42,25.42,25.76
26.77,28.28,26.42,27.51
27.08,27.37,26.25,26.94
26.71,27.56,26.07,27.26
26.59,27.58,26.59,27.3
27.1,27.38,25.83,26.41
27.78,27.99,26.76,27
26.14,27.99,26,27.61
25.8,26.74,25.73,26.19
25.44,25.94,25.16,25.71
25.39,25.68,24.65,25.1
24.71,25.21,24.43,24.84
24.17,24.42,23.75,24.23
24.4,24.74,24.04,24.47
24.7,24.88,23.96,24.19
23.03,24.57,22.92,24.16
22.77,23.45,22.6,23.02
23.45,23.78,23.04,23.35
23.5,24.69,23.11,23.14
23.05,23.94,22.9,23.76
23.49,23.8,23.09,23.29
25.11,25.68,23.75,23.86
24.38,25.13,24.25,24.91
24.38,24.93,24.22,24.36
25.44,25.58,24.64,24.81
26.06,26.38,25.2,25.65
25.14,25.88,25.1,25.86
25.45,25.78,24.85,25.24
25.49,25.78,25.14,25.73
24.21,24.89,23.74,24.66
24.76,24.93,23.09,23.21
24.5,24.88,24.18,24.41
25.52,25.7,24.19,25.2
23.1,25.2,22.23,24.34
23.42,23.71,23.08,23.25
23.13,23.98,23.05,23.63
22.01,22.7,21.89,22.48
22.45,22.73,21.64,21.84
21.14,22.44,21.13,22.3
21.62,21.9,20.89,21.06
20.91,21.56,20.22,21.35
19.4,20.13,19.25,19.74
19.96,20.07,19.01,19.22
20.03,20.93,19.75,20.57
20.45,20.5,19.68,19.77
20.89,21.82,20.82,21.02
22.61,22.61,21.1,21.19
22.4,22.87,22.13,22.75
21.53,22.89,21.21,22.13
24.76,24.8,22.64,22.66
25.21,25.92,24.71,25.2
25.88,26.05,25.15,25.5
25.9,26.38,25.6,25.68
26,26.37,25.65,26.31
26.56,26.62,25.64,25.7
25.55,27.16,25.05,26.95
26.2,26.88,25.83,26.58
28.55,28.64,26.15,26.46
28.72,28.8,28.07,28.34
27.22,27.8,27,27.34
26.56,27.03,26.16,26.34
27.1,27.36,26.6,26.61
28.48,28.99,27.96,28.35
29.09,30.66,29.03,29.76
29.9,29.92,29.1,29.87
28.77,29.95,28.51,29.45
27.95,28.14,27.16,27.97
27.8,28,27.07,27.75
27.8,28.22,26.66,27.59
27.48,27.9,26.88,27.47
28.19,28.45,27.22,27.31
27.17,28.97,27.09,28.56
30.39,30.48,26.72,27.52
30.65,30.65,29.41,29.87
29.17,31.14,29.13,30.79
29.07,29.91,28.95,29.46
30.46,30.65,29.36,29.74
30.45,31.06,29.9,30.35
30.13,30.61,29.96,30.36
30.95,31.16,30.35,31.09
31.27,31.9,30.98,31.78
32.23,33.43,31.68,33.31
31.18,32.44,30.83,32.29
33.38,34.49,32.26,32.59
35.79,35.88,32.67,33.22
34.12,35.79,33.8,34.8
32.72,33.7,32.6,33.44
33.73,33.98,32,32.27
32.86,33.68,32.67,33.54
31.92,31.92,30.87,31.08
30.85,31.89,30.62,31.52
29.9,30.83,29.55,29.7
28.44,30.43,28.32,30.33
29.67,29.8,28.44,29.23
28.82,29.3,28.27,28.47
30.07,30.49,29.3,30
32.42,32.68,31.05,31.15
31.8,32.75,31.76,32.52
32.05,32.25,30.78,31.85
31.33,31.89,30.9,31.41
31.65,31.79,30.21,31.22
26.48,31.15,26.32,30.56
29.34,29.34,27.32,27.91
28.83,29.05,27.94,28.76
28.46,28.6,27.51,28.43
26.59,27.96,26.51,27.11
26.02,26.75,25.25,25.77
28.09,28.09,25.09,25.2
28.91,30.34,28.8,29.33
28.6,29.64,28.28,29.37
30.26,30.53,29.2,29.88
29.61,30.53,28.7,29.46
29.7,29.9,29,29.84
28.3,29.07,28.22,28.73
29.52,30.34,29.08,29.48
30.14,31.61,28.56,28.6
27.59,30.08,27.16,29.88
28.3,28.45,27.11,27.96
28.69,29.31,28.53,29.05
28.32,30.3,28.1,29.87
27.06,28.31,26.31,27.45
29.33,29.44,28.65,28.98
28.26,30.86,28.26,29.56
29.9,30.32,29.24,29.82
32.94,33.01,30.78,31.21
33.93,34.27,32.85,33.3
36.3,36.84,35.17,35.36
35.12,36.5,35.08,35.22
37.35,37.55,34.19,35.05
37.16,38.68,36.63,37.6
34.64,35.53,31.93,35.4
35.13,35.43,33.43,34.44
33.29,35.5,32.39,34.75
33.63,34.03,31.45,32.25
32.34,34.79,32.34,34.25
32.68,34.94,31.68,32.36
30.01,33.56,29.95,32.55
29.06,29.31,28.08,28.8
27.31,27.92,26.72,27.39
27.99,28.37,26.77,27.63
26.15,28.61,26.11,28.18
25.16,26.31,24.98,25.4
24.62,25.37,24.02,24.91
24.44,25.14,23.66,24.72
25.28,26.1,24.69,24.7
26.5,26.93,24.95,25.33
28.8,29.32,27.5,27.77
26.84,29.24,26.4,28.24
28.7,29.18,28.08,28.35
29.47,29.98,27.67,28.27
28.84,29.41,28.41,28.43
30.85,31.08,29.32,29.51
31.64,32.08,29.67,31.06
31.38,32.15,30.69,31.99
31.31,31.63,30.05,30.6
29.05,31.86,28.58,30.95
28.69,29.87,28.31,28.75
30.69,31.18,29.77,30.7
29.06,31.87,28.74,30.4
28.93,29.98,28.35,29.43
30.32,30.41,28.52,29.54
31.63,32.34,30.56,30.99
31.12,32.59,30.21,31.93
29.13,31.84,28.81,31.48
38.67,39.69,30.3,30.59
37,40.27,35.66,39.73
37.15,37.95,36.01,36.58
40.39,41.13,37.06,37.95
40.14,41.42,39.14,41.32
40.84,41.25,38.69,40.13
40.13,40.94,37.81,39.36
36.39,40.07,36.28,38.7
38.28,39.15,34.62,35.99
34.87,37.75,34.07,37.27
35.15,35.95,31.99,32.6
31.79,34.33,30.92,33.33
28.95,33.8,27.2,33.38
26.82,29.07,26.78,28.76
26.72,28.04,26.3,28.02
27.6,29.8,27.23,28.13
27.59,28.75,26.73,27.12
25.16,26.76,25.01,26.57
25.8,26.04,24.96,25.36
27.3,27.6,26.12,26.24
25.11,27.25,24.98,26.19
26.01,26.4,25.57,26.12
27.16,27.3,24.91,25.18
24.47,26.54,24.34,26.25
24.49,25.35,24.04,24.4
25.79,26.07,24.5,25.28
26.75,27.63,25,25.01
28.55,28.88,27.55,28.02
28.4,29.15,27.85,28.5
31.6,32.03,30,30.47
31.15,31.36,30.24,30.32
32.86,33.83,31.7,33.5
34.83,34.87,33.08,33.23
34.66,35.26,33.82,34.82
32.88,33.79,32.31,32.36
31.41,31.94,29.38,30.95
33.12,33.59,31.06,31.22
35.08,36,32.61,34.12
36,36.72,34.4,35.29
33.41,35.9,32.36,34.61
32.66,34.09,32.26,33.16
37.93,38.99,35.65,36.04
34.54,37.87,33.61,36.59
37.82,40.23,35.6,36.9
36.41,38.44,35.01,36.67
35.17,38.18,35.08,37.39
36.68,39.5,34.8,37.77
39.06,39.16,33.5,34.31
41.1,43.66,41.02,41.69
47.24,47.87,42.51,42.6
43.2,49,40.5,48.37
53.94,54.14,43.02,43.35
60.32,61.14,55.25,56
61.33,62.61,59.16,59.3
66.65,66.92,63.59,64.35
67.64,67.99,63.62,67.03
65.88,68.29,64.95,66.73
71.06,72.47,66.16,66.6
66.5,68.95,65.16,67.07
66,70.87,63.42,67.83
66,71.47,65.4,68.01
49.94,60.56,48.75,60.26
54.5,55.48,51.57,52.05
53.2,55.31,51.52,54.18
51.07,55.93,50.54,54.84
50.15,51.32,49.04,49.52
48.53,50.75,47.52,49.35
50.62,52.28,48.06,51.33
52.86,55.34,48.64,50.39
53.96,53.96,49.26,50.08
56.5,58.93,52.09,55.94
53.4,56.79,52.94,54.54
54,54.91,50.6,51.57
54.5,56.5,50.17,50.49
56.23,58.46,54.83,56.85
56.41,60.41,56.34,57.75
50.53,54.72,50.01,50.4
51.4,52.58,48.97,51
54.52,56.42,52.66,53.96
49.19,55.14,46.2,52.39
48.55,51.85,47.88,48.9
54.06,55.76,46.72,47.77
59.74,62.71,49.87,54.48
45.73,56.85,45.58,56.27
38.29,46.06,38.22,44.86
31.84,39.99,31.5,37.06
39.17,41.78,36.68,40.13
38.96,41,38.46,39.5
34.64,37.14,34.42,35.61
36.85,37.06,33.76,34.51
33.04,37.79,32,36.83
35.66,36.41,33.3,35.3
41.22,42.36,38.1,38.2
42.75,44.04,39.43,41.83
39.44,43.63,39.23,42.4
38.2,41.6,37.53,40.33
39.87,40.38,36.6,37.98
37.36,42.25,37.2,40.74
38,39.35,37.68,38.19
37.42,39.46,36.91,37.5
38.4,39.82,36.66,37.3
42.98,44.41,40.24,40.78
46.9,47.75,44.88,45.51
47.08,48.28,44.18,47.64
46.64,47.86,41.33,45
50,50.63,45.63,47.51
48.98,51.35,47.77,50.89
47.16,48.55,45.85,47.45
44.7,50.98,43.51,48.42
49.48,50.82,47.24,49.01
43.57,48.94,42.76,45.27
39.27,46.21,39.19,46.08
34.15,36.84,33.32,35.62
31.02,34.18,30.84,33.67
33.29,34.2,32.06,32.86
34.73,36.2,31.33,32.14
33.8,35.54,33.47,34.5
31.3,32.88,30.34,32.67
29.74,32.74,29.46,31.84
28.03,30.49,27.06,29.49
34.58,34.86,28.63,29.31
36.72,37.74,35.92,36.9
35.55,37.14,35.4,36.75
37.9,38.99,35.88,37.33
37.38,38.89,34.45,36.4
35.76,37.78,34.36,37.08
34.46,38.31,34.2,37.16
37.82,38.17,32.37,33.29
32.38,36.49,32.31,36.09
29.59,31.57,28.79,30.98
28.9,31.3,28.67,29.01
31.41,32.34,28.58,28.75
33.99,35.86,33.01,33.55
42.78,43.7,37.24,37.44
41.55,42.83,40.41,42.21
36.05,41.09,35.6,40.07
36.42,37.03,34,35.09
32.55,36.6,30.5,35.3
36.29,37.44,32.54,34.74
31,36.5,30.95,36.05
27.75,29.95,27.65,29.7
28.4,29,28.15,28.5
26.75,27.45,26.25,27.15
25.55,26.35,25.1,25.35
25.85,27.95,25.6,26.2
24.85,25.55,24.45,25.15
24.45,25.3,24,25
22.85,24.9,22.8,24.5
23.95,24.75,22.9,24.55
23.45,24.8,23.05,24.05
25.4,25.7,24.85,25.3
26.8,26.9,25.15,26.05
26.45,27.1,26.1,26.65
24.55,24.65,23.8,24.45
24.65,25.65,24.65,25
24.15,24.5,23.4,24.15
26.3,26.85,24.85,25.05
26.95,27.7,25.55,26.05
27.95,29.9,27.5,28.45
31.2,33.65,27.7,28.4
33.9,34.75,31.9,32.85
33.7,36.7,33.65,35.7
33.25,33.25,31.65,32.15
34.05,34.85,31.3,31.95
32.35,35.85,32.3,35.25
29.7,30.25,29.25,30.05
29.35,30.45,29.05,29.1
30.1,30.15,28.8,29.55
30.5,31.05,28.5,28.65
29.1,29.9,27.45,28.15
28.85,31.3,28.35,31.15
29.1,29.3,27.65,27.95
30.95,31.7,27.75,28.2
29.8,31.7,29.6,31.05
30,30.4,28.15,28.4
32,34.1,31,31.4
35.85,36.1,32.8,33.5
40.35,41.65,39,39.15
42.45,42.7,39.55,41.65
44.5,45.05,42.6,44.4
42.85,45.45,40.7,42.35
37.9,46.25,37.75,43.85
53.4,54.1,50.8,53.25
55,56.5,51.9,51.95
54.6,55.75,53.1,55.6
55.1,55.7,50.4,51.35
49.5,53.9,49.05,50.35
44.05,52.75,44,52.25
54.15,54.85,46.5,47.9
49.85,55.3,49.85,54.05
46.8,52.5,46.4,50.7
47.25,51.6,45.25,50.4
50.75,51.75,48,48.4
48.95,51.3,46.9,50.6
56.25,56.9,54.15,56.15
55.3,58,53.5,54.1
68.4,68.45,54.65,55.1
84.15,85.95,80.6,82.85
83.5,87.65,79.2,83
88,90.4,79.35,85
83.65,89.65,81.35,88.4
77.25,83.45,75.1,81.15
88.3,93.35,78.8,80.8
79.35,87.25,77.6,87
77.4,78.55,70.6,74.7
70.55,78.5,70.35,72.4
82.6,84.8,71.85,73.15
66.3,77.2,63.5,76.9
65.5,67.5,60.5,62.5
64.5,67,62,64.5
70.5,72,67,68.5
66.5,72,64,70.5
68.5,74.5,64.5,67
80.5,84,71.5,73
77.5,82,76.5,81
73,74.5,66,69
82,83,76,78.5
79.5,87.5,75,86
68,76.5,68,74.5
64,71.5,63.5,69
76.5,77,65.5,66
91,92,80,81.5
95.5,102.5,93,93.5
100.5,105.5,97,97
100.5,105.5,98.5,104
98.5,104.5,92.5,102
92,99.5,91,94.5
95,101.5,88,99.5
98,100,92,95
107,115,106.5,110.5
118.5,123.5,109,110.5
112.5,125.5,109.5,120.5
108,112.5,104,111
105,110,100.5,103
119.5,120.5,104,105.5
143,143.5,126,128
146,147.5,140,142
162.5,164,154,155
158.5,172,155,156
160.5,172.5,160,171
174.5,177.5,158,158
150,162,148,161.5
156,164.5,150.5,155.5
175,181,148,150.5
175,189.5,173.5,180
186,191,175.5,179.5
175.5,193,173,192
150,162.5,147.5,156.5
159,163.5,152.5,157
162,162.5,149,157
148.5,162,139.5,159
199,206.5,150,151.5
203,211.5,189.5,190
176.5,204,173,202.5
174,183.5,165.5,180
187.5,189.5,169,170.5
212.5,217.5,189.5,196
168,199.5,166,198.5
186.5,188.5,164.5,174.5
191.5,199,161,194
214.5,216,185,192.5
230.5,235.5,213,218
208.5,237.5,206,236
226.5,227.5,209.5,210
227.5,238,215,235.5
227,229,211,213
211,234,196,223
232.5,241,225,230.5
274.5,277,239,244.5
244,255,233,250
298.5,302,233,234
300,310.5,278.5,284
290,318,273.5,316.5
298.5,300,252,253
276,310,257.5,273.5
376,414.5,347.5,349
318.5,373.5,314,372
331.5,336.5,306,335.5
464.5,478.5,358.5,361
469,470.5,411,433
640,641.5,515,516
636,680.5,625,655
661.5,664,615,617
740,750,675,679.5
730.5,750,686,728
737.5,759,681.5,683.5
802,802.5,715,723.5
858.5,872.5,824,832
960,973.5,870.5,902.5
975,1026.5,911.5,929.5
948.5,1022,930,931
881.5,1048,873,1022.5
802.5,910,800,903.5
842,919.5,815,892.5
823,856,777,810.5
785,850,783,807.5
670.5,775,664,758.5
682.5,709.5,662.5,677.5
692.5,708.5,612.5,633
731.5,744,713,727.5
748,782.5,747.5,766.5
750,796.5,730.5,757.5
835,843,817,826
832.5,847.5,819.5,832
781,812.5,768,784
775,830,775,807
771.5,775.5,736.5,739
826.5,831.5,788.5,789.5
837.5,853,800,841.5
818,849.5,804.5,828
895,907,836.5,877
884,946,882,940
848.5,899.5,787.5,800
890,931.5,868,906
803.5,919,796,918.5
847.5,848,762.5,788.5
825.5,830.5,775,813.5
776.5,837,761.5,807
812.5,865.5,799.5,837
760,840.5,753,818.5
836,838.5,725.5,733
874.5,911.5,842,867.5
920,955.5,884.5,922.5
924.5,955.5,851,858.5
987.5,994.5,932.5,942.5
1018,1026,980,1001.5
970,985,910,952.5
985.5,1012.5,925,931
1050,1069.5,1015.5,1048.5
912.5,1045.5,902,1025
985,992.5,902.5,925.5
1125.5,1179,1009,1032.5
1023,1145,1012.5,1132
999.5,1020,970.5,996.5
1066,1075,1010.5,1022
1087.5,1098.5,987.5,1056.5
1041.5,1068.5,1018,1018
1040,1070,1007.5,1054.5
1068.5,1106,983.5,984
1039,1082,1019,1064
850,959,850,942.5
783,854.5,755.5,850
831,838,775,800
823,851,764,785
780.5,799.5,732.5,794.5
708.5,784.5,689,769
614.5,712.5,565,682
675,688.5,636,654.5
610,661,610,658
630.5,677,590,605.5
697,700,635,653
660,703.5,651.5,687.5
692,694.5,608.5,632
648,729.5,634.5,717
592.5,640,578,640
620,631,575,587.5
680,688,576,590
741.5,755.5,690,727
638,760.5,637.5,739
730,746,680.5,680.5
824.5,831,705,814.5
775,822.5,755.5,784.5
804,854,762.5,777
983,986.5,864,871
1167.5,1186,1005,1010
1223,1340.5,1170,1319.5
1392.5,1398,1237.5,1245.5
1313,1370,1251,1339
1284.5,1369,1258.5,1345.5
1197,1217.5,1161.5,1188
1332,1352,1124,1145.5
1331,1459,1314,1446.5
1337.5,1430,1325,1415
1190,1248.5,1163.5,1244.5
1105.5,1210,1077.5,1139
1342.5,1360,1142.5,1187.5
1476.5,1478.5,1282,1297.5
1592.5,1620.5,1502,1568
1591.5,1643.5,1495,1585.5
1612.5,1750,1518,1549.5
1491.5,1586,1465.5,1566
1500.5,1578,1448.5,1559
1445,1509.5,1375,1440.5
1523,1600,1477.5,1486
1494.5,1499.5,1295,1485.5
1375.5,1507.5,1331.5,1412.5
1247,1403.5,1211.5,1390.5
1329,1421.5,1277.5,1277.5
1386.5,1397,1203.5,1254
1660.5,1688.5,1345.5,1394
1541.5,1700,1531.5,1666
1237.5,1497.5,1225,1461.5
1124,1353,1030,1331.5
937.5,1103.5,933.5,1073.5
1023.5,1053,948.5,992
1212,1214.5,1115,1135.5
1252.5,1304,1207,1237.5
1245,1259.5,1164,1189.5
1220.5,1367,1199,1335
1203,1312,1170.5,1287
1309,1319,1102.5,1119
1417.5,1569.5,1391.5,1391.5
1753.5,1843,1463,1482
1839.5,1857.5,1647,1824.5
1912.5,1954.5,1700.5,1844
1820,2000,1777.5,1964.5
1802.5,1930,1772,1881
1749.5,1922,1741,1883.5
1682.5,1780.5,1621.5,1716.5
1762,1848.5,1701,1818.5
1752,1813.5,1610,1655.5
1746,1817.5,1698.5,1758.5
1686,1846.5,1525,1803
1897,1991,1610,1630.5
1593.5,1850,1573,1824
1744.5,1796,1585,1649
1660.5,1678.5,1478,1638
1531,1778,1511.5,1771
1208.5,1351.5,1205,1337
1154.5,1191,1154,1181.5
1104,1154.5,1096.5,1147.5
1054.5,1076,1028.5,1072
1104.5,1130,1053.5,1055.5
1022.5,1086,1018.5,1060
996,1059.5,982.5,1032
988,1046.5,968,1043.5
951,1027.5,951,1019
947.5,964,863.5,894.5
968,970,921.5,929
924.5,989.5,920.5,983.5
901.5,926,870.5,916.5
851.5,893,845,890
855,868.5,841,861.5
830.5,852.5,816,850.5
835,842.5,811.5,826
842,842.5,806.5,829.5
821.5,833,807.5,831.5
747,806,743.5,791
733.5,752.5,730,741
852,854.5,767,772.5
827,844.5,821,840
818.5,830,777,808
797,819.5,786,812.5
780,802.5,775,789.5
753.5,772.5,740,763.5
748.5,787.5,732.5,786.5
775,795,756.5,756.5
781,799,760,779.5
740.5,755.5,737,750
694,724,682.5,717
694,700,668,678.5
674,712.5,664,706.5
692.5,709,676.5,699
728,746,692.5,700
729.5,745,713.5,715
715,742.5,714,736
664.5,678.5,654,675
660,671.5,649.5,666
653.5,658,630,653
620,661,619.5,659
586.5,605,581,596.5
605,615,577.5,596.5
576.5,600,555,591
612.5,615.5,585,595
657,662.5,636,642.5
675.5,691,654,666.5
675,707.5,663.5,672
719,745,686,686.5
641,704,638,700
613.5,662,606,650
617.5,644.5,609.5,631.5
680.5,684,646,647
657,684,649,662.5
627,638.5,592.5,609.5
695,695,623.5,629.5
726.5,733.5,661.5,710.5
728,755,706.5,755
761,762,699,715
717.5,766,707,764.5
713,729.5,688,699.5
742.5,754,711,712.5
711.5,732,689,722.5
692,733.5,675,725
747.5,764.5,693.5,698
782,786,743,764.5
756.5,790.5,756.5,783
783,784.5,757.5,758.5
836,850,813.5,829.5
783.5,833.5,766.5,810.5
757.5,798,750,796
748.5,769.5,727.5,740.5
821,862.5,789.5,831.5
912.5,924.5,801.5,805
913.5,970.5,897.5,960
916.5,937,889.5,925.5
861,900,831.5,872.5
764.5,868,742.5,841.5
749,807.5,741,802.5
754.5,786,751,770.5
800,812,761,765.5
868.5,878,794,812.5
905.5,941.5,880,906.5
1053,1082.5,879.5,890.5
1057.5,1074,983.5,1044.5
1015,1075,986,1014.5
1005,1109,1003.5,1018
979,1054,965,1025.5
1094,1169.5,989,998.5
1049,1130,997,1101
926.5,1056,919.5,1052
849,960.5,847.5,951.5
763,796,743.5,775.5
739,787.5,738.5,781
700.5,754.5,677.5,743.5
655.5,718,653,708.5
672,677,640.5,660.5
676.5,698.5,672.5,691.5
725.5,734.5,693,707
761.5,771.5,726,749.5
757.5,772,715,735.5
722.5,747.5,694.5,744.5
686.5,747.5,681,735.5
733.5,758.5,675.5,690
722.5,745.5,705.5,738
667.5,679,643.5,673
689,710,671.5,683
666,716,662.5,709
658.5,686.5,655,675.5
652.5,654.5,623.5,634.5
640,672.5,622.5,672.5
612.5,623,576,576
612.5,635,583,597
614.5,648.5,592.5,636
641,643.5,573.5,591.5
663,695.5,601.5,605.5
683.5,712.5,656.5,669
597,653.5,580,637
614.5,617.5,566,572.5
703.5,725,630,632
629.5,678.5,621.5,664.5
581.5,622,570,612
554.5,636.5,553.5,604.5
598.5,604.5,560.5,571.5
686.5,689,625.5,638.5
745,761.5,688.5,717
765.5,908,759,856.5
695,852,692,821.5
805,816.5,702,737
911,911,825.5,825.5
907,982.5,853,960
927.5,953,845,918
1007,1019.5,836.5,873.5
1100,1155.5,1031,1031.5
1300.5,1322,1123.5,1128
1259.5,1299,1195,1233
1285,1290.5,1165,1225
1295,1379.5,1292,1360
1252,1326.5,1225,1278
1501.5,1550,1341,1386.5
1462,1534.5,1319,1509
1276,1492.5,1255,1468.5
1241.5,1275,1178.5,1275
1321,1394,1215.5,1238
1626.5,1658,1381,1425
1450.5,1678,1423,1675
1387,1611.5,1311.5,1604.5
1266.5,1343,1230,1331.5
1263,1285,1136.5,1257.5
1125,1219,1051.5,1213
1175.5,1193,1042,1121.5
1278,1437,1230.5,1306
1315.5,1355.5,1266.5,1326.5
1167.5,1250,1129.5,1236
1199.5,1237.5,1107.5,1215.5
1274.5,1305,1176.5,1248.5
1351.5,1381.5,1135,1165
1339.5,1548.5,1339.5,1508
1158.5,1204.5,1158.5,1189
1292.5,1301,1142.5,1147.5
1273,1337,1236,1303.5
1182.5,1312.5,1171,1251.5
1293,1357.5,1239.5,1287.5
1217.5,1411.5,1211.5,1395
1328.5,1362.5,1190,1204.5
1528,1574,1372,1404.5
1907.5,1939.5,1445,1489.5
1667.5,1851.5,1648,1811.5
1680,1857,1604.5,1730.5
1892,1908,1625,1742
1771.5,2036.5,1770.5,1994
2105.5,2105.5,1666.5,1695.5
2375,2406.5,2026.5,2238.5
2487.5,2575,2227.5,2516.5
2081.5,2300,2066.5,2270.5
2226,2307.5,2009.5,2046.5
2293.5,2400,2134,2362.5
1690.5,2009,1685,2000
1502.5,1652.5,1451,1637.5
1503,1549.5,1450,1455.5
1496.5,1550,1484,1550
1452.5,1511,1434,1466.5
1515,1562,1417,1450
1375,1480,1357.5,1480
1288,1364,1260.5,1349
1382.5,1414,1328,1337
1303,1438,1300,1436.5
1321,1339,1242.5,1308
1285.5,1343,1210.5,1287
1328,1340,1241,1313.5
1358.5,1385,1232,1347.5
1366,1454,1275.5,1431
1234,1431,1231,1342.5
1519,1651.5,1180,1229
1413.5,1585.5,1407,1585.5
1491.5,1526,1416.5,1435.5
1434,1547.5,1433,1545
1372.5,1441.5,1350,1365
1391.5,1409.5,1320.5,1409
1357.5,1428.5,1323,1419
1277.5,1344,1267,1344
1265.5,1311.5,1260,1303
1300.5,1326,1238,1241.5
1238.5,1269,1205,1266
1218.5,1264,1191.5,1218
1219,1298,1217.5,1266
1130.5,1222,1129,1199.5
1097,1136.5,1083.5,1126
1010,1093,1005.5,1083
1023.5,1058.5,984.5,1017.5
1013.5,1047.5,1010.5,1026
1011,1041,992,1028.5
1026.5,1045.5,976.5,983
986,1020.5,963,1004
996,1017,942.5,950
920,1000.5,919.5,995
908.5,947.5,900,904
825,929.5,818,922.5
823.5,837.5,814.5,835.5
802.5,836,800.5,834
789.5,794,755.5,760.5
785,797.5,777.5,779
805,816.5,792.5,811
824,835,802.5,804.5
825,861,824,860.5
814.5,837.5,805,816.5
800.5,831,795,817.5
763.5,777.5,742.5,768
747,770.5,738.5,764.5
765.5,775,742,742
770,774.5,739,753.5
710.5,742.5,697,730.5
706,720.5,694.5,710
735.5,738.5,697.5,709
772.5,775.5,747.5,747.5
759,775,737.5,764.5
781,797.5,753.5,767
785,790,762.5,770.5
851.5,875,815,826.5
825,861,812.5,840.5
813.5,843.5,795,817
820,852,811,846
782.5,818.5,780.5,792.5
750,780,741.5,770
782,787.5,753,753
836.5,841.5,766.5,767.5
815,849.5,815,837
795,802,767.5,798
774,798.5,766,789.5
751,798.5,751,765
784.5,802.5,760.5,766.5
813,819,752.5,757.5
857,857,807,824.5
793.5,877.5,775,874.5
808.5,815,775.5,801
795.5,799.5,739,742.5
724,809,710.5,800
812.5,816,756,763
841,884,827,827.5
854,873,848.5,866
855,877.5,826.5,826.5
855.5,856.5,810,829.5
828,860,814.5,850
903,913,825.5,832
884.5,907,862.5,881.5
920,937.5,880,881.5
935,936,880,902
846.5,933.5,831.5,931
898.5,915,855,857.5
897,923.5,880.5,901
996,997.5,877,877.5
1139,1149,1044,1047
1189,1199,1132,1135
1125.5,1164,1116.5,1153
1158,1199,1138,1138.5
1237.5,1241.5,1150,1150
1300,1309,1251,1251
1378,1384.5,1315,1317.5
1388.5,1407.5,1362,1407.5
1388.5,1441,1379.5,1384
1414,1430.5,1360,1385
1436.5,1467.5,1430,1452
1456,1512.5,1431.5,1439
1454,1483,1410,1458
1488.5,1527.5,1417,1417
1531.5,1531.5,1425.5,1472
1457,1529.5,1436.5,1502.5
1339.5,1439,1337,1431.5
1269.5,1291,1260,1286
1239,1276,1237.5,1271.5
1296.5,1306,1261,1261
1295.5,1299.5,1255,1278.5
1241.5,1296.5,1234,1272.5
1257,1287,1247.5,1274
1216.5,1255,1195,1240.5
1181.5,1192,1165,1187
1201,1224.5,1172,1222
1182,1209.5,1169,1196
1210.5,1260,1194.5,1226
1216,1228.5,1189,1220
1162.5,1241.5,1160,1222
1129,1152.5,1126.5,1146
1103,1148.5,1096,1129.5
1210.5,1222.5,1136,1141.5
1216.5,1235,1193.5,1224
1187.5,1205,1145,1178
1210.5,1210.5,1131,1152.5
1157.5,1214,1151,1195
1185.5,1198,1130,1132
1211,1227,1153.5,1212
1237,1245,1134.5,1163
1281,1317,1235,1235
1278,1362.5,1250.5,1288
1240,1282,1215.5,1278
1209.5,1261.5,1200,1240
1236,1275,1202,1208
1131,1160,1094.5,1139
1126,1195,1101.5,1179
1048.5,1137.5,1041,1131
1130.5,1145.5,1035.5,1072
1125,1153.5,1090.5,1097
1198,1215,1131,1182
1128,1205,1125.5,1188
1213.5,1254,1210,1212.5
1214,1217.5,1155,1190
1277,1313,1250.5,1284
1243,1318,1210,1292
1286.5,1315,1182,1222.5
1326.5,1357.5,1254,1268
1173,1322,1157.5,1319
1165.5,1196.5,1138,1177
1105,1204.5,1090.5,1195.5
1011.5,1083,1001.5,1054.5
1091.5,1099,1020.5,1059
979.5,1065,967.5,1061.5
960,972.5,911,952.5
852.5,917.5,844,914
812.5,863.5,808,835
926,934,844,847
959,972.5,916,918
993,1029,985.5,1009
1003.5,1038,993,1023.5
986.5,1016,981.5,1000
950,965,931,940
1012.5,1028,969.5,975
1034,1047.5,998,1017
951.5,1005,943.5,995.5
1022,1062,1011.5,1044
1014,1042.5,977,1034.5
1020.5,1057,997.5,1023
958.5,997.5,947,991
935,956,928,952
958.5,1003.5,942,964.5
1071,1079.5,951,967
1019.5,1099,987.5,1081.5
987.5,1042,982.5,993.5
1004,1049.5,971,1011.5
1227,1240,1069,1075
1124.5,1240.5,1122.5,1230
1224,1231,1106,1125.5
1351,1351,1256.5,1270
1537.5,1539,1403,1403.5
1514.5,1572.5,1495,1548
1437.5,1549.5,1431.5,1542
1550.5,1559.5,1475,1475.5
1462,1530,1400.5,1523
1448.5,1557.5,1445,1501
1532,1538.5,1473.5,1491
1459.5,1537,1401.5,1403.5
1605.5,1652,1502.5,1537
1521.5,1636,1502,1630
1427.5,1588.5,1397.5,1478
1520,1520,1425,1476.5
1529.5,1630,1527,1602
1633,1650,1474.5,1493
1668.5,1680,1560,1574.5
1742.5,1784.5,1717,1732.5
1903.5,1920,1782.5,1792.5
1778,1872,1706,1853.5
1889.5,1938,1727.5,1727.5
2002.5,2032,1891.5,1904.5
2043.5,2125,2032.5,2123.5
2020,2058.5,1981.5,2026
2010,2047.5,1929.5,1932
1925.5,1959,1864,1943
1891.5,1978.5,1875,1971.5
2059,2066.5,1906,1929.5
2408.5,2412.5,2183,2202.5
2249,2372,2211,2360
2200,2266.5,2180,2180
2185,2298,2137,2240.5
2475.5,2479,2252,2274.5
2514,2543.5,2470.5,2497.5
2471,2514,2414,2512
2536,2563,2471.5,2511
2248,2405.5,2133,2397
2300,2347.5,2240,2284
2270,2325,2165,2233
2273.5,2350,2207.5,2322.5
2458,2515,2340,2350
2070,2294.5,2065.5,2283
2117,2125,2010,2070.5
2482,2554.5,2340.5,2342.5
2402,2537.5,2359.5,2519.5
2543,2564.5,2411.5,2518
2500,2575.5,2280,2352.5
2519,2591,2429.5,2582.5
2224,2472,2202.5,2461
2139.5,2165,2052.5,2093
2211.5,2305,2179,2233
2187,2292.5,2150.5,2276
2222.5,2318.5,2065,2113
2005,2109.5,1948,2100
2003.5,2111,2000,2032.5
1826,1995.5,1777,1952.5
1757,1800,1720.5,1756
1685,1786.5,1678,1765
1576.5,1671,1565,1669
1659,1687.5,1587,1597
1721,1768,1693,1741
1707,1785.5,1652.5,1767
1709,1772,1650,1652.5
1751,1824,1655.5,1657
1637,1696,1547,1682.5
1578,1595,1546,1571
1607,1682,1589.5,1627
1658.5,1677,1560,1571
1621,1736,1609,1722.5
1488.5,1539,1450,1536
1357,1540,1329.5,1361.5
1350,1450,1332.5,1441.5
1347.5,1398.5,1268,1330
1415,1450,1339.5,1357
1447,1453,1366.5,1392
1466,1584,1435,1569.5
1535.5,1548,1418,1434
1749,1754,1638,1644
1735.5,1784,1682.5,1763
1840,1850,1617.5,1732.5
1978,2080,1965,2060.5
2176,2192,1945.5,1953.5
2086,2181,2065,2136
2106,2177,2062.5,2149
1953,2041.5,1886.5,2016
1999,2125,1870,1925
1786,2002.5,1775.5,1958.5
1826.5,1846.5,1777.5,1791
1851,1915,1823,1873
1800,1864,1744,1857.5
1777,1817.5,1684,1809.5
1828,1852.5,1781.5,1825
1730,1747.5,1638,1703
1621,1724,1578,1678
1613,1747.5,1565,1685
1671.5,1682.5,1516.5,1619
1756,1808,1647.5,1697
1619,1760,1516.5,1683
1408,1610,1407.5,1593
1197.5,1392,1192,1341.5
1735,1768.5,1155,1225
1737.5,1785,1680.5,1688
1713,1796.5,1662,1788.5
1848.5,1862.5,1723,1746.5
1715.5,1825.5,1693,1814
1580.5,1665,1551.5,1562
1515,1616.5,1512,1593.5
1377,1444,1352.5,1426
1387,1412,1336,1380
1349,1468,1335,1450
1386.5,1409.5,1315,1315
1300,1355,1260,1332.5
1389.5,1415.5,1303.5,1372
1390.5,1464.5,1265,1319
1205.5,1375,1140,1348
1014,1254.5,1005,1248
1108,1151.5,1057,1103
1244,1244.5,1108,1125.5
1231.5,1276,1166,1235.5
1185,1296,1171.5,1290
1272,1282,1115,1140
1206.2,1293.8,1188.2,1280.8
1108,1249.5,1086,1215
1476.5,1481.8,1146,1148.8
1619.8,1630,1398.2,1398.2
1581,1698.2,1540,1668
1632.8,1632.8,1503.2,1544.2
1991.5,2074.2,1752.2,1835.5
2511.5,2544.2,1944,1962.5
2663.8,2675,2477.8,2654.2
2366.8,2627.2,2362.5,2617.8
2199.2,2273,2092.2,2253.2
2082,2227.5,1987.5,2218.8
1876.8,2083.8,1868,2083.8
1885.2,2025,1756.5,1899.8
1856,1932,1825,1873.5
1773.5,1856,1761,1839.2
1931,1985,1784.5,1784.8
1955,1966.5,1757.2,1850.8
1716,2017,1700,1920
1863.2,1929,1679.8,1679.8
1985.8,2029,1775,1851.5
2506,2552,2270.8,2282.8
2499.5,2640,2465,2604.8
2368,2587.5,2277,2577.5
2772,2772,2375.2,2375.2
2817.5,2898.8,2750,2835.5
2763.2,2921,2717.2,2785
2841.8,2968.8,2638,2638
3357,3544.8,3229,3400
3371.8,3500,3206,3412.5
3234,3547.5,3201.2,3541.8
3361.2,3575,3329.2,3347.8
3102.2,3225,2978.5,3037
2932.5,3331.2,2875,3207.8
2844,3053.8,2726.8,2837.5
3988.2,4007,2898.2,3053.8
3971.8,4055,3705,3845.8
3920.8,4162.5,3866.5,4142.5
3450,3642,3350,3530
3265.5,3570.2,3238.5,3482
3073.2,3431.5,3018.8,3076.2
3000.8,3309.5,2932.5,3173.8
2370.5,2635.8,2305,2608.5
2250,2409.2,2212.5,2382.8
2225,2250.2,2150,2200.5
2064.8,2222.5,2062.2,2212.2
2213.2,2256.8,2100,2105
2212.5,2234,2050,2171.8
2167,2230.8,2100,2218.8
2040.5,2107.2,1952.5,2032.2
1946.2,2081,1925.5,2028.8
1874.2,1919.5,1775,1805.2
1886.2,1955,1793.8,1876.5
1892.5,1971.5,1872.2,1907.2
1913,1943.8,1760.2,1806
1955.8,2041,1912.5,1978
2084.5,2110,1868.8,1875
2530.8,2565.5,2247.5,2247.5
2545.2,2660.5,2387.5,2601
2469,2576,2350,2557.5
2339.2,2482,2326.8,2437.5
2462,2601.5,2211.8,2491.5
2617.8,2707.2,2472.5,2597.2
2982,3002.2,2357.2,2443.5
2744,2968,2732.8,2968
2772.5,2875,2516.5,2639.8
2462.5,2677.5,2413.2,2666.8
2307.2,2364,2167.5,2347
2203,2271.2,2172.5,2263.5
2250.2,2312.5,2103.8,2105.8
2106.5,2118.5,1883.5,2092
2277.8,2296.5,1975,2000
2317.5,2423,2289,2375
2177.2,2223.8,2162.8,2192.2
2212,2242,2059.2,2200.8
2153.8,2260.5,2125,2214.8
2238,2311,2113.5,2194.5
2206.2,2352,2057.2,2057.2
2138.2,2205,2083.2,2154
2026.8,2307,2000.5,2250.2
1985.8,2080.8,1889,2022.2
2482.2,2491,2053.8,2136.8
2566.8,2721,2545.5,2628.8
2407.5,2600,2375.8,2468.8
2544.5,2783.8,2469.5,2573.2
2870,2933.2,2577.8,2683.2
2561,2990.8,2467.8,2954.8
2219.8,2624,2197,2570.8
2299.5,2526,2298.5,2518.2
1774.8,1952,1763.8,1951.8
1589.2,1658.5,1548.5,1655
1484.2,1595,1459.8,1594.8
1596.5,1620,1394,1430.8
1570.2,1641.2,1536.2,1621.8
1490.2,1598,1447,1566.2
1717.2,1773,1521.5,1546.8
1507.5,1720.5,1444.5,1692
1373.2,1496.2,1370.8,1491.5
1281.2,1346.5,1279,1323.2
1288.8,1312,1275,1279.8
1350,1360,1260.2,1265
1319,1369.5,1305.5,1331.8
1284.2,1330.5,1257.5,1298.5
1252.8,1271.2,1218.2,1252.2
1302.5,1314,1215.5,1226.2
1322,1349.5,1308.2,1334
1335.5,1357.2,1291,1325.2
1299.8,1343.8,1267,1334.8
1356.2,1374.5,1324.5,1349
1419.5,1434.5,1334.2,1359.5
1292,1413.2,1281.8,1401.8
1331.5,1346,1260.8,1292
1378,1422.2,1360,1397.5
1445.8,1476.2,1330.5,1390
1340.2,1411.8,1283.8,1401
1549.2,1593.2,1351,1355
1486.5,1550,1452.5,1550
1417.2,1550.8,1408,1545.2
1365.5,1420.5,1336,1415
1310.2,1396.2,1310.2,1383.8
1254,1303.5,1250.8,1292.2
1247.2,1307.5,1197,1222.2
1276.5,1295,1221.5,1272.8
1308,1354.8,1279.5,1334.2
1372.2,1384.2,1248.8,1319
1272.2,1394.8,1259.2,1386.8
1178,1231,1177.8,1209
1096.8,1171.2,1096,1161.5
1052.2,1054.8,1005.2,1052.2
1024.2,1069.2,1003.5,1065.2
1052.8,1073.5,1011,1017.8
1017.5,1056.8,1017.5,1046.5
969,990,958.75,986.5
1002.5,1011.5,947.5,969
996.75,997.25,969.5,975.75
971.75,1007.5,965.25,993.75
1011,1014.8,951,988.75
994.5,1048.8,985.75,997
1026.5,1058.8,1021.2,1046.8
950.5,1022.2,934.75,1017.5
1008.8,1028.8,985.5,1000.5
1023,1062.5,1011.8,1055.8
957.25,1025.5,950.5,1022
878,945.75,870.75,942
805,862.5,802.25,861
838.75,849,791.75,798.25
828.5,847.5,828.25,837.25
846,867.25,818.25,840.75
826,836.25,819.75,830
814.75,840.75,790.75,814.25
806.25,832.25,802.5,830.75
827.5,849.5,817.5,824.25
852.25,853.5,810.5,820.75
866.25,896.75,862.5,883.5
875,906.5,864.25,869.25
853,879.25,846.5,876
860.75,876.25,832.25,832.5
764.25,844.75,750.5,840.25
741.5,757.75,726.75,746.75
865.25,868,774,787.75
847,871.25,827.75,870
879.5,885.25,815,846.75
864.5,884.75,853,862.75
871.5,913.5,871.5,875
914.25,914.25,861.25,885.25
901.75,942.25,882.75,887.75
862.75,877.75,849.5,873.5
810,870.25,807.5,850
820.75,834,801.75,812
830,841,799.5,814.75
810,838.5,795.75,819.75
808.75,814.5,743.25,762
827.75,835,809,831
831.25,842.75,811,819.5
853.75,867.75,837.25,853.25
888.5,892.5,840,874.25
816.5,893,816.25,886.5
859.5,867.5,800.5,818.25
776.75,829,770.25,828.75
765.5,799,742,775.75
748.25,775.5,732.25,752.75
827.25,839.75,758.75,759.5
745.75,781,736.5,780.25
730.75,764.25,724,725.25
744.25,764.5,712.75,724.75
793.25,809.5,752.75,757.25
783.5,805,773.5,792.5
784,802.75,768,771.75
872.75,906.75,826.5,843.5
810.5,895.75,808.75,872.5
712.75,809.5,712.25,807
710,719.5,683.5,708.25
661.5,690,651.75,685.5
633.75,662.5,627.5,661.25
660.25,680.75,619.75,633.75
664,706,640.5,649.75
695.25,718.5,671,676
691.5,717,682.5,715.5
646.25,703.75,644.75,697.5
606.25,623,605.25,620.5
626.75,630.75,590,593.5
640.25,665.75,633.25,657.75
657,668,638,643.75
658,711.75,651.75,708.75
663.5,674,654.25,673.25
651.25,653.25,619.25,619.25
660.75,684,637.25,647
620.5,655.25,614.75,655.25
618.25,632.25,591.5,601.25
643.5,643.75,617.75,618.5
670,687.5,654.5,656
622,659.75,618.25,656
615,627.25,603,624.25
645.5,652.75,607,630
597.5,643.75,589.25,643.75
605,613.75,592.75,600.5
578.75,596.25,558,588.25
597.75,602.75,570.5,571.75
593,627.75,592.75,623
581.25,607.5,576.25,592
576,592,562.5,585
593.75,607.75,579,592.75
616,632.75,583.25,585.5
674,696.5,627,640.25
595.25,649.5,586.25,649.25
590,621.75,582.5,615.25
557,580.75,551,565.25
584.25,600.5,577.5,578.5
576,595,561.5,566.25
599.5,613,582.5,582.5
591,621,586,592.5
631.5,631.5,589,597
772.5,795.75,647.75,648
754.25,820.25,749.75,761
766.25,781,745,770.25
747.5,789.5,745,782.75
753.25,761.75,730.5,741.75
844.25,859,807.5,810.5
884,908.5,871,875.75
867.75,906.5,864.25,882.5
974.25,1002.2,866,871.75
973.75,1009.5,963.5,997.5
940.25,983.5,939.75,977.25
933.5,950.75,915.75,944.75
909,951,900.5,938.75
925,936.5,896.25,909
887,920.5,875,914.75
975.75,1008.8,912.75,915
983,1000.8,925.5,982
1059,1087.5,1024,1034.5
1028.8,1073,1016.2,1054.8
1136.5,1142,1032.8,1035.8
1162.2,1185,1146.5,1153.5
1156.8,1172.5,1120.2,1165
1089.8,1156.2,1066.5,1143.8
1126.5,1135.8,1094.8,1102
1165.8,1187.8,1108.8,1126.8
1161.2,1172,1096,1166.8
1167.8,1184,1147.5,1147.8
1260,1267.8,1152,1195
1294,1317.5,1253.8,1279
1353.2,1398.8,1266.8,1350
1295.2,1429.2,1254,1322.8
1200.2,1276,1181.2,1270.2
1263,1270.2,1197.8,1204.8
1261.8,1317.8,1241.5,1251
1353,1379.5,1268,1281
1412.5,1453,1290.2,1362.8
1462.5,1536,1454.5,1503
1477,1521.8,1469,1502.2
1440.8,1443.2,1387.5,1403.2
1417,1438.2,1383.8,1416.8
1449,1478.2,1419,1458.5
1370.8,1473.8,1360,1405.8
1340.5,1387,1335.5,1360.2
1370.5,1405.5,1329,1349.2
1463.5,1533,1374,1410.5
1332.8,1426.8,1332.2,1385.5
1157.2,1318,1144.2,1308
1185.5,1225.8,1170.5,1191.8
1132,1188.2,1110,1173.5
1067.2,1087.8,1038,1080.8
1110.8,1112.8,1034,1034
1187,1199,1146.2,1167.5
1156,1222.5,1132.5,1169.8
1267.2,1357.5,1243,1296.5
1189.2,1268.5,1182,1220.2
1179.2,1247.2,1148.2,1203.8
1236.8,1256.2,1127,1151
1186,1241.8,1139.2,1225
1086,1182,1078,1179.8
1030.8,1068,954.5,1022.2
989.25,1022.8,982.75,996
1086,1098.5,980,991
1036.5,1070.8,1032.5,1046.8
1034.5,1094.5,1030.5,1044.5
1035,1067.2,1009,1054.8
1106,1114.5,1044.8,1055.2
1072.5,1150,1067.8,1137.8
1165.2,1184.2,1070.5,1092.2
1011.5,1153.2,1010,1115
964.75,1060.2,943.75,1011.2
1046,1064,1015.8,1019.5
1061.8,1134,1031,1034
1247.5,1250,1061.5,1087.2
1300,1401.5,1253.8,1345.5
1376.8,1436.2,1251.5,1304.2
1205,1352,1202.2,1313.2
1266.5,1292.5,1231,1247.8
1260.8,1354.2,1220,1274.5
1534.5,1621,1294.2,1296
1450,1525,1369.8,1488
1601,1603,1431.2,1440.2
1536.2,1625.2,1466.5,1607.5
1805.5,1812,1550,1641.5
1917,1966.5,1731.2,1901
1727.8,1936.5,1677.8,1925.5
1658.8,1723,1578.8,1721.2
1544.2,1570.8,1471.2,1567.8
1444.8,1529.8,1416.5,1496.2
1687,1718.5,1432.5,1504
1538,1640,1530,1595
1411,1502.8,1380,1449
1426.5,1437.2,1347.2,1413.8
1329.2,1467.5,1325.2,1425.2
1248.2,1307.2,1246.2,1280
1217,1240.2,1181,1216.5
1227,1272,1209.5,1223.2
1187,1211.5,1166.8,1191.2
1231,1264,1219.8,1233.5
1306,1337.8,1225,1233.2
1316.2,1362.2,1304.5,1336.8
1315.5,1413.2,1315.5,1340.5
1208,1256.5,1182.5,1256.2
1192.2,1230,1167.2,1217.5
1213.2,1233.2,1169.5,1216
1201.5,1227.5,1134.2,1179.8
1163,1235,1137.5,1215
1126.5,1171.2,1116.8,1154.2
1242.5,1242.5,1096.5,1110.2
1191.8,1252.5,1187,1244
1249,1285.2,1190.5,1202
1236.2,1252.2,1193.5,1248.5
1210,1284.5,1200,1268.5
1160.5,1275.2,1159.2,1230.2
992.75,1115,992.75,1091.8
1052,1055.8,971.5,996.25
1044.8,1095.8,1043.5,1049.2
1097.2,1148.5,1078.5,1082
1048.5,1108,1041.5,1089
980.25,1035,973.25,1029.5
975,1013.2,968,987.25
1086,1103.5,1021.8,1043.2
1110.8,1130.8,1087.8,1108.5
1015.5,1050,1002.2,1049.2
1100.8,1133,1033.8,1041.2
1029,1059,1001,1056.2
1036,1045.5,1015.5,1038.8
1018.5,1037.5,976,1025.5
963.25,1049.2,962,1026.2
915.25,937.5,882.75,922.25
878.5,914.25,867.75,905.25
877.75,894.5,833,861.75
866,898,841.75,864
899,932,884.5,895.75
902.25,943.75,899.5,903.75
818.5,867.5,815,849
776.75,810,771.5,798.5
769.25,783.25,734,757.5
700,793.75,684.25,776
736,747.5,701.25,705.25
747,769.5,734.25,755.25
716.5,750.5,710.5,739.25
719,729.5,695,716.5
777,789.25,721,731.5
808.5,821.75,769.5,770.5
795.5,852,795.25,846
910.75,923.5,802.5,811
838,882.25,838,880
846,898.25,835,870.25
825.25,853.5,818.5,843.75
837,856.25,822.5,836.5
765.75,803.5,754.5,799.5
769.75,798.75,752.5,794.75
770.5,802.5,747,776.5
772.5,778,742.5,763.5
742.75,773,736.75,754
733,748.75,699.75,717.25
733,759,730.5,753.75
716.5,785,707.75,758
761.75,782.5,741.25,759
790,790.5,723.25,736
778.5,801.75,745.75,789.5
1032.5,1048.5,803.75,817.75
978,1021.8,977,1014.5
980.75,983.5,938.75,952
1008.2,1025.2,967.25,997
947,1031.2,936.25,999.5
955.75,958.75,926.25,941.75
879,962.5,878.5,945
904,941.75,901.5,903.75
870.25,891.5,837.5,871
886.5,923,884.75,892.25
867.25,888,854.75,884.75
931.5,950.5,911.5,930.75
904,950,896,942.5
947.5,973.5,895.75,919.5
929.75,944,886.5,921.25
983,984,908.5,919.75
1054.2,1088.8,1027.5,1065
1201.5,1222,1091.2,1091.8
1057.8,1165.2,1053,1160
1025,1063.2,1018,1050.2
1016,1025.2,1004.5,1006.2
1023.5,1066.2,1020.8,1029.2
989,1030,977.5,1004.8
1039.8,1041.5,985,1000.2
1042.8,1128,1040.2,1120.5
1046.8,1071.2,1000,1033.8
1017.5,1102.2,1009,1095
1023.8,1098.5,1011.2,1050.2
878,979.75,842.25,970
908.75,957,908.75,934.25
860.5,877,832.5,843.5
832.5,879.5,829.25,869
797,828.25,787.5,798.75
869.5,881.5,778.25,802.25
832.5,863,778.75,849
739.25,833.5,735.25,829.75
753,781.25,731.75,755.5
806.25,807.5,750.25,753.75
879.75,884.5,854.75,874
870.25,895.5,858.75,882.75
923.75,930.75,897,930.75
883.75,917.75,877.75,906.75
873.25,884.25,843,860.5
889.5,925.5,887,891.5
829,869.5,818.5,860
793.5,844.25,787,836.75
769.5,777.5,746.75,775.25
756.5,772.5,743.5,750.25
733,762.25,726.75,753.25
767,768.5,721.25,727.5
762.5,805.75,758,782.75
744.75,771,717,770
715.5,728.25,702.5,728
746,746,711.25,711.75
765.75,792.5,756.25,759.25
769.5,793.25,749,749.25
810.75,826,775.25,799.25
890.25,909.25,817.5,836.25
806.5,832,806.25,832
836.75,840.25,778.5,785.75
834.5,852.75,810,825.75
853,898.25,839.5,859
918,957.25,850.5,875.5
978.5,979.75,916,921.5
990.5,1018.5,976.5,1000.8
1036.2,1073.2,1008.2,1032.5
924.25,1019.2,923.5,1016.2
948,994,900.75,910
880.5,923.75,877.75,919
912.75,919.25,878.25,878.25
915.75,953.25,915,933.5
892,916,884.75,899.75
934.5,952,910,915
941.5,958.75,918,918.25
925,1009.2,923.5,988.5
990,1017.8,942,943
1089.2,1104,986.25,991.5
1047.5,1168.2,1046.5,1089
953.5,1020,936,1019
1019.5,1026,942.5,993
978.25,1032.8,967,1003
925.5,1017,907,1014.8
856.75,943.5,849.25,933.75
978.75,1005,919.25,925.5
931.75,1000,916,958.25
833.5,887.25,832,870
730,755,697.75,755
775.5,783.75,707.25,725.75
766,784,748.75,778
796.25,796.25,760.75,768.5
800.5,832,794.5,796.75
767,791,761.5,789
782.25,795.25,751.25,758.75
754.25,805.25,733.25,770.25
723.5,738.5,705.25,728.75
711.75,724,704.5,711.25
783.25,791,738,738.25
743,762.75,709.75,742.5
766.75,767.5,741,749.75
804.75,815,776,789
800,825.75,787.5,803.25
807.75,822.75,792.25,799.75
805,844.25,804.75,827
844.25,892.75,811,812.5
913,927,841.5,854.5
862.5,917.5,852.75,886.25
821.25,863.25,804.75,844.75
832.25,838.75,779.75,790
880.25,880.25,842.5,858
863.5,916,863.5,903.75
886.25,886.25,850.5,873.75
870.75,895.25,861.5,888.25
927.25,939.5,867.75,870.5
924.75,951,916,922.25
934,966.5,892.5,903.25
976.5,1006.8,883.5,912.5
1024.8,1083.8,976.25,976.25
1027.5,1067.8,965.25,1066.5
1037,1123.2,1000,1063.8
926.75,1077,926.25,1046.8
944.5,950.25,922.75,940.75
976.75,992.5,946,967.25
1020.8,1026,973.5,1002.2
988.5,1024.8,987.5,1020.8
980,1010.8,974.25,980
901.25,970.5,893.75,968.75
916.25,926.5,905,913.75
879.75,917.75,872.25,914.25
910.5,917,892.5,899.25
907.75,930,899.5,921.25
944.25,951.5,906.5,912.75
898.25,942.75,896,932.75
914,915.25,893.5,904.25
954,957.5,932.75,934.25
924.25,965.25,922,959.75
985.75,987.5,924.25,947.75
1085,1085,1001.2,1016.2
1053.2,1095,1039.2,1082.8
1047,1070.8,1035.2,1059.8
1049.8,1059.8,1034.5,1059.5
1075.2,1082,1052.5,1064
1110.2,1129.8,1079.8,1092.5
1148.2,1194,1148,1167
1128.2,1153.8,1121.8,1130.5
1171.8,1175.5,1112.2,1139.2
1212,1233.5,1182.2,1190
1240.5,1258,1211.2,1225.5
1167.5,1228.5,1167.5,1223
1190.8,1220.5,1162.5,1163.2
1160.2,1161.8,1103.5,1134
1224,1249,1156,1162.2
1259.5,1259.5,1226.5,1247
1268.8,1277.5,1225,1259.8
1218.5,1299.8,1214,1269.5
1213.8,1235,1167.5,1212
1223.2,1223.5,1180.8,1197.8
1209.8,1253,1188.5,1237
1182.5,1217.5,1180,1198.2
1187.5,1204.2,1140.5,1156.5
1173.8,1223.8,1159,1198.8
1122.2,1156.8,1113,1148.8
1088.5,1147.8,1073,1141.8
1086.5,1095.5,1060,1077.5
1053.2,1100.2,1033.5,1072.2
1022.5,1057.8,1010.5,1056.5
1009,1043.2,1006.8,1018.5
1044.5,1044.5,1020.5,1026.5
1058.8,1084.2,1055.2,1058.8
1070,1081.5,1041.8,1060.8
1105.5,1106,1064.5,1076.2
1125.8,1142.2,1090.5,1128.2
1117.2,1158.8,1081.5,1109.8
1126.2,1140,1108.8,1117.2
1126.2,1139,1104.2,1127.5
1182,1201,1137.5,1142.8
1174.2,1191.2,1122.8,1165.2
1154.8,1212,1130,1177
1172,1201.2,1132,1158.5
1082,1160.8,1070.8,1142.8
1053.2,1076.8,1049.8,1073.5
1073.8,1095,1057.2,1059.2
1072.8,1109.2,1043.5,1099.5
1061,1133.2,1039,1104.8
1025,1070.5,1007.2,1026.8
981.5,1050.8,974,1029.2
930.75,983.75,910.25,968
932.75,937.25,900,908.25
915.5,940,898,935.5
958.25,992.5,921.25,925.5
953.75,983,953.75,972.25
893.5,949,893.5,944
897.25,911.25,890.5,899.5
905.75,916.25,885.5,915.75
953.75,962.75,928,929.5
938,993.25,938,955.25
932.25,947.75,924,937
948.5,956.75,921.5,931.25
929.75,964,926.25,954.5
929.75,962.5,918.75,948
873.5,933.5,873.25,918
876.25,886,863.75,870
906.5,913.75,883.25,908
889,913.75,880,901.25
1001,1005.5,904.25,905.25
991,1003.8,973.5,1001
999.5,1014.8,988.75,1003.5
987.25,995.25,976.75,992.75
1021,1042.2,1005.2,1007
1051.5,1064,1021.2,1047.8
1037.8,1051.8,1016.2,1050.2
996,1023.5,979.5,1015
998.75,1005.2,954.75,998
1055.5,1059.5,984.75,991
1084,1093,1053.2,1064.8
1085.2,1103.8,1073,1073
1137.2,1149,1112,1130
1165.2,1190.2,1156.8,1168.5
1140.8,1207.8,1118.8,1188.2
1192.8,1199.2,1131,1138
1087,1112.5,1079.8,1090.2
1147.5,1153,1070.5,1085.2
1100.8,1134.2,1094.5,1126
1025.2,1062,1020,1052.2
1022.5,1060,1021,1033.5
938.25,1021.8,938.25,1015.2
1010.8,1010.8,988.5,1001.8
1013.2,1040.8,1011,1016
977.25,1002.2,977.25,987
1005.2,1008.2,980.5,991.5
1044.2,1055,1022.8,1022.8
1083,1083,1055.5,1055.5
1027.2,1104.8,1026.8,1102.2
1061,1069,1019.8,1036.8
1016.2,1079,1012,1076.8
1066.5,1071.5,1036.2,1059.5
1089.2,1100,1081.8,1083.2
1107.2,1137,1100.5,1104.8
1132.5,1134.8,1108.2,1118
1172,1173.8,1152.2,1160.8
1175.8,1199.2,1150.8,1195.8
1186.2,1210,1169.2,1180.5
1127,1171,1113.8,1159.2
1141.2,1148.8,1122,1124.8
1157,1180,1151.8,1178
1144.2,1183.2,1140.8,1176
1218.5,1245.8,1153.8,1159.2
1206.2,1248.2,1203,1230.8
1248.8,1275.2,1197,1208.8
1270.5,1304,1255.8,1282.2
1311.2,1313.5,1217.5,1264.2
1234.2,1309.8,1234,1292.5
1336,1338.5,1226.8,1228.2
1348.2,1361.5,1321.8,1334.2
1294,1329.8,1265.5,1316.5
1269.5,1292,1250,1290
1280.8,1314.5,1258,1263
1182.5,1244.8,1182.2,1230.8
1218,1223.8,1196.5,1208.5
1223,1261.8,1223,1249.8
1118.8,1214,1118.5,1201.2
1116.8,1151.2,1116.8,1125.8
1134.5,1151.5,1121,1122.5
1171,1194.2,1164.5,1168.8
1190.8,1190.8,1137.8,1176.5
1117.2,1182.8,1117.2,1176
1115.8,1144,1106.8,1118.5
1054.5,1124.5,1051,1090.5
992.25,1043.5,992.25,1032.5
1020.5,1024.2,1001,1009.5
1011.2,1035.5,1005.2,1029.8
1014.2,1023,1005,1014.2
1036.5,1055.8,1018,1020.8
1064,1098,1064,1078.2
1080.8,1088.2,1050.8,1064.8
1057.2,1081.8,1057.2,1081
1048.5,1072.2,1048,1058.5
1057,1077.2,1047.5,1055
1065.5,1094.2,1060.8,1071.8
1048,1093.5,1048,1072.8
1023.2,1044.8,1006,1041
999.75,1014.2,985,1003.8
990.5,1009.8,978.25,1004
1039.8,1057.5,1016.2,1022.8
1018,1042.8,1017.2,1029
1012,1050.5,1004.5,1041
