dt,Price,Volume
2020-03-18 08:30:00,5.061699867248535,3229175.0
2020-03-18 08:31:00,5.000100135803223,457049.0
2020-03-18 08:32:00,4.960000038146973,433132.0
2020-03-18 08:33:00,4.616099834442139,458391.0
2020-03-18 08:34:00,4.605000019073486,184947.0
2020-03-18 08:35:00,4.690100193023682,189028.0
2020-03-18 08:36:00,4.699999809265137,172487.0
2020-03-18 08:37:00,4.668099880218506,151186.0
2020-03-18 08:38:00,4.680099964141846,91407.0
2020-03-18 08:39:00,4.760000228881836,79895.0
2020-03-18 08:40:00,4.670000076293945,131793.0
2020-03-18 08:41:00,4.625,159233.0
2020-03-18 08:42:00,4.6433000564575195,81552.0
2020-03-18 08:43:00,4.639999866485596,142670.0
2020-03-18 08:44:00,4.622000217437744,132827.0
2020-03-18 08:45:00,4.670000076293945,52928.0
2020-03-18 08:46:00,4.6880998611450195,21746.0
2020-03-18 08:47:00,4.724999904632568,172904.0
2020-03-18 08:48:00,4.639999866485596,139352.0
2020-03-18 08:49:00,4.669899940490723,122108.0
2020-03-18 08:50:00,4.6392998695373535,52467.0
2020-03-18 08:51:00,4.5100998878479,265144.0
2020-03-18 08:52:00,4.400000095367432,314978.0
2020-03-18 08:53:00,4.34630012512207,191923.0
2020-03-18 08:54:00,4.150100231170654,213473.0
2020-03-18 08:55:00,4.331500053405762,248888.0
2020-03-18 08:56:00,4.440000057220459,60056.0
2020-03-18 08:57:00,4.400000095367432,54971.0
2020-03-18 08:58:00,4.320099830627441,59325.0
2020-03-18 08:59:00,4.309700012207031,37543.0
2020-03-18 09:00:00,4.304999828338623,49280.0
2020-03-18 09:01:00,4.210000038146973,103335.0
2020-03-18 09:02:00,4.220099925994873,57291.0
2020-03-18 09:03:00,4.139999866485596,113936.0
2020-03-18 09:04:00,4.050000190734863,140924.0
2020-03-18 09:05:00,4.005000114440918,180131.0
2020-03-18 09:06:00,3.7249999046325684,350057.0
2020-03-18 09:07:00,3.73009991645813,162730.0
2020-03-18 09:08:00,3.9798998832702637,219072.0
2020-03-18 09:09:00,4.060100078582764,196452.0
2020-03-18 09:10:00,3.8499999046325684,234279.0
2020-03-18 09:11:00,4.020100116729736,72068.0
2020-03-18 09:12:00,4.110000133514404,144520.0
2020-03-18 09:13:00,4.0854997634887695,68631.0
2020-03-18 09:14:00,4.054999828338623,31391.0
2020-03-18 09:15:00,3.9753000736236572,62665.0
2020-03-18 09:16:00,3.9999001026153564,32747.0
2020-03-18 09:17:00,4.049900054931641,66231.0
2020-03-18 09:18:00,4.039999961853027,223241.0
2020-03-18 09:19:00,4.090000152587891,52031.0
2020-03-18 09:20:00,4.233399868011475,203679.0
2020-03-18 09:21:00,4.191400051116943,123834.0
2020-03-18 09:22:00,4.039999961853027,216388.0
2020-03-18 09:23:00,4.099899768829346,73205.0
2020-03-18 09:24:00,4.059999942779541,85018.0
2020-03-18 09:25:00,4.03000020980835,52577.0
2020-03-18 09:26:00,4.034999847412109,51086.0
2020-03-18 09:27:00,4.036099910736084,64554.0
2020-03-18 09:28:00,3.9749999046325684,53755.0
2020-03-18 09:29:00,3.984100103378296,50979.0
2020-03-18 09:30:00,3.9976000785827637,23650.0
2020-03-18 09:31:00,3.9549999237060547,65037.0
2020-03-18 09:32:00,3.9700000286102295,24425.0
2020-03-18 09:33:00,4.005000114440918,71211.0
2020-03-18 09:34:00,3.970099925994873,58648.0
2020-03-18 09:35:00,4.069300174713135,46285.0
2020-03-18 09:36:00,4.054999828338623,95259.0
2020-03-18 09:37:00,4.098800182342529,152782.0
2020-03-18 09:38:00,4.082600116729736,45153.0
2020-03-18 09:39:00,4.110000133514404,44961.0
2020-03-18 09:40:00,4.110000133514404,29234.0
2020-03-18 09:41:00,4.119999885559082,47779.0
2020-03-18 09:42:00,4.287300109863281,54959.0
2020-03-18 09:43:00,4.325099945068359,183908.0
2020-03-18 09:44:00,4.260000228881836,112866.0
2020-03-18 09:45:00,4.389999866485596,86275.0
2020-03-18 09:46:00,4.454999923706055,180816.0
2020-03-18 09:47:00,4.2399001121521,118499.0
2020-03-18 09:48:00,4.264999866485596,59555.0
2020-03-18 09:49:00,4.299900054931641,34968.0
2020-03-18 09:50:00,4.360000133514404,158386.0
2020-03-18 09:51:00,4.369999885559082,28160.0
2020-03-18 09:52:00,4.420100212097168,102383.0
2020-03-18 09:53:00,4.349100112915039,106865.0
2020-03-18 09:54:00,4.409999847412109,38641.0
2020-03-18 09:55:00,4.46999979019165,104434.0
2020-03-18 09:56:00,4.500100135803223,139441.0
2020-03-18 09:57:00,4.46019983291626,81728.0
2020-03-18 09:58:00,4.499899864196777,30367.0
2020-03-18 09:59:00,4.522500038146973,71374.0
2020-03-18 10:00:00,4.474999904632568,105227.0
2020-03-18 10:01:00,4.3206000328063965,124526.0
2020-03-18 10:02:00,4.300000190734863,71767.0
2020-03-18 10:03:00,4.380000114440918,18181.0
2020-03-18 10:04:00,4.440100193023682,48740.0
2020-03-18 10:05:00,4.539999961853027,124795.0
2020-03-18 10:06:00,4.476600170135498,98362.0
2020-03-18 10:07:00,4.400000095367432,68106.0
2020-03-18 10:08:00,4.440000057220459,52630.0
2020-03-18 10:09:00,4.43209981918335,13876.0
2020-03-18 10:10:00,4.440100193023682,9755.0
2020-03-18 10:11:00,4.545000076293945,85903.0
2020-03-18 10:12:00,4.460000038146973,97735.0
2020-03-18 10:13:00,4.460100173950195,33387.0
2020-03-18 10:14:00,4.4857001304626465,31421.0
2020-03-18 10:15:00,4.559899806976318,73279.0
2020-03-18 10:16:00,4.505000114440918,25688.0
2020-03-18 10:17:00,4.420000076293945,25303.0
2020-03-18 10:18:00,4.449999809265137,32546.0
2020-03-18 10:19:00,4.400000095367432,23961.0
2020-03-18 10:20:00,4.319900035858154,57985.0
2020-03-18 10:21:00,4.420000076293945,13414.0
2020-03-18 10:22:00,4.360099792480469,43167.0
2020-03-18 10:23:00,4.300099849700928,55486.0
2020-03-18 10:24:00,4.310100078582764,13820.0
2020-03-18 10:25:00,4.259900093078613,42920.0
2020-03-18 10:26:00,4.339399814605713,33351.0
2020-03-18 10:27:00,4.302299976348877,12307.0
2020-03-18 10:28:00,4.323699951171875,9167.0
2020-03-18 10:29:00,4.329899787902832,30406.0
2020-03-18 10:30:00,4.304999828338623,29760.0
2020-03-18 10:31:00,4.434999942779541,27534.0
2020-03-18 10:32:00,4.429800033569336,46143.0
2020-03-18 10:33:00,4.360000133514404,18740.0
2020-03-18 10:34:00,4.230100154876709,56029.0
2020-03-18 10:35:00,4.260900020599365,27525.0
2020-03-18 10:36:00,4.260000228881836,33200.0
2020-03-18 10:37:00,4.289999961853027,18544.0
2020-03-18 10:38:00,4.349999904632568,6481.0
2020-03-18 10:39:00,4.320000171661377,14401.0
2020-03-18 10:40:00,4.320000171661377,2579.0
2020-03-18 10:41:00,4.2600998878479,2978.0
2020-03-18 10:42:00,4.25,32734.0
2020-03-18 10:43:00,4.250500202178955,16458.0
2020-03-18 10:44:00,4.265600204467773,19438.0
2020-03-18 10:45:00,4.300000190734863,28703.0
2020-03-18 10:46:00,4.29010009765625,11013.0
2020-03-18 10:47:00,4.330100059509277,9267.0
2020-03-18 10:48:00,4.29010009765625,4508.0
2020-03-18 10:49:00,4.31850004196167,473.0
2020-03-18 10:50:00,4.309899806976318,12613.0
2020-03-18 10:53:00,4.310100078582764,32213.0
2020-03-18 10:54:00,4.315800189971924,13226.0
2020-03-18 10:55:00,4.289999961853027,18889.0
2020-03-18 10:56:00,4.284999847412109,3476.0
2020-03-18 10:57:00,4.302700042724609,3811.0
2020-03-18 10:58:00,4.292500019073486,1331.0
2020-03-18 10:59:00,4.304999828338623,965.0
2020-03-18 11:00:00,4.359600067138672,19370.0
2020-03-18 11:01:00,4.3780999183654785,27437.0
2020-03-18 11:02:00,4.429999828338623,34219.0
2020-03-18 11:03:00,4.411499977111816,26648.0
2020-03-18 11:04:00,4.402100086212158,14699.0
2020-03-18 11:05:00,4.400000095367432,11051.0
2020-03-18 11:06:00,4.38730001449585,11156.0
2020-03-18 11:07:00,4.330100059509277,32478.0
2020-03-18 11:08:00,4.350100040435791,6537.0
2020-03-18 11:09:00,4.389999866485596,3942.0
2020-03-18 11:10:00,4.389999866485596,4029.0
2020-03-18 11:11:00,4.385000228881836,28527.0
2020-03-18 11:12:00,4.409999847412109,9455.0
2020-03-18 11:13:00,4.409900188446045,7211.0
2020-03-18 11:14:00,4.424099922180176,10721.0
2020-03-18 11:15:00,4.460000038146973,38620.0
2020-03-18 11:16:00,4.4552001953125,52721.0
2020-03-18 11:17:00,4.549699783325195,95433.0
2020-03-18 11:18:00,4.510900020599365,45452.0
2020-03-18 11:19:00,4.550000190734863,43640.0
2020-03-18 11:20:00,4.519999980926514,73149.0
2020-03-18 11:21:00,4.550099849700928,16283.0
2020-03-18 11:24:00,4.570099830627441,199528.0
2020-03-18 11:25:00,4.579999923706055,41859.0
2020-03-18 11:26:00,4.63700008392334,42413.0
2020-03-18 11:27:00,4.699999809265137,81214.0
2020-03-18 11:28:00,4.769999980926514,149054.0
2020-03-18 11:29:00,4.700099945068359,149788.0
2020-03-18 11:30:00,4.710000038146973,78482.0
2020-03-18 11:31:00,4.674300193786621,103051.0
2020-03-18 11:32:00,4.727700233459473,62079.0
2020-03-18 11:33:00,4.701900005340576,16637.0
2020-03-18 11:34:00,4.769999980926514,39817.0
2020-03-18 11:35:00,4.820000171661377,126336.0
2020-03-18 11:36:00,4.86899995803833,70655.0
2020-03-18 11:37:00,4.880000114440918,60187.0
2020-03-18 11:38:00,4.900199890136719,86185.0
2020-03-18 11:39:00,4.900400161743164,94073.0
2020-03-18 11:40:00,4.960000038146973,95465.0
2020-03-18 11:41:00,5.110000133514404,239668.0
2020-03-18 11:42:00,5.150000095367432,197542.0
2020-03-18 11:43:00,5.029399871826172,207289.0
2020-03-18 11:44:00,5.175000190734863,325038.0
2020-03-18 11:45:00,5.150000095367432,180181.0
2020-03-18 11:46:00,5.15500020980835,111465.0
2020-03-18 11:47:00,5.010000228881836,141793.0
2020-03-18 11:48:00,4.909999847412109,190899.0
2020-03-18 11:49:00,4.827199935913086,195144.0
2020-03-18 11:50:00,5.0,96047.0
2020-03-18 11:51:00,5.010000228881836,117619.0
2020-03-18 11:52:00,4.989999771118164,61266.0
2020-03-18 11:53:00,4.989999771118164,51799.0
2020-03-18 11:54:00,5.0,24779.0
2020-03-18 11:55:00,4.951900005340576,35035.0
2020-03-18 11:56:00,4.9629998207092285,804.0
2020-03-18 12:11:00,5.071800231933594,73028.0
2020-03-18 12:12:00,5.090000152587891,40736.0
2020-03-18 12:13:00,5.25,187045.0
2020-03-18 12:14:00,5.474999904632568,287975.0
2020-03-18 12:15:00,5.380000114440918,229488.0
2020-03-18 12:16:00,5.070000171661377,120349.0
2020-03-18 12:17:00,5.019999980926514,117635.0
2020-03-18 12:18:00,5.055600166320801,45171.0
2020-03-18 12:19:00,5.1620001792907715,55355.0
2020-03-18 12:20:00,5.212100028991699,112000.0
2020-03-18 12:21:00,5.18779993057251,80339.0
2020-03-18 12:22:00,5.020100116729736,92345.0
2020-03-18 12:23:00,5.079999923706055,14171.0
2020-03-18 12:24:00,5.069900035858154,38896.0
2020-03-18 12:25:00,5.130000114440918,72302.0
2020-03-18 12:26:00,5.150000095367432,26008.0
2020-03-18 12:27:00,5.190000057220459,52204.0
2020-03-18 12:28:00,5.264999866485596,90001.0
2020-03-18 12:29:00,5.244999885559082,117798.0
2020-03-18 12:30:00,5.248000144958496,23295.0
2020-03-18 12:31:00,5.25,23363.0
2020-03-18 12:32:00,5.238800048828125,55088.0
2020-03-18 12:33:00,5.239999771118164,49031.0
2020-03-18 12:34:00,5.210100173950195,22825.0
2020-03-18 12:35:00,5.170000076293945,72403.0
2020-03-18 12:36:00,5.190000057220459,30955.0
2020-03-18 12:37:00,5.120100021362305,66107.0
2020-03-18 12:38:00,5.050099849700928,144299.0
2020-03-18 12:39:00,5.025000095367432,75492.0
2020-03-18 12:40:00,5.023600101470947,93145.0
2020-03-18 12:41:00,5.005000114440918,34674.0
2020-03-18 12:42:00,4.907400131225586,141718.0
2020-03-18 12:43:00,4.940000057220459,53269.0
2020-03-18 12:44:00,4.917399883270264,260413.0
2020-03-18 12:45:00,4.860000133514404,69631.0
2020-03-18 12:46:00,4.949999809265137,66502.0
2020-03-18 12:47:00,4.980000019073486,29354.0
2020-03-18 12:48:00,4.909999847412109,34802.0
2020-03-18 12:49:00,4.949999809265137,18695.0
2020-03-18 12:50:00,4.880000114440918,13865.0
2020-03-18 12:51:00,4.980000019073486,49404.0
2020-03-18 12:52:00,5.049900054931641,46108.0
2020-03-18 12:53:00,5.154099941253662,100889.0
2020-03-18 12:54:00,5.045000076293945,64656.0
2020-03-18 12:55:00,5.064700126647949,64157.0
2020-03-18 12:56:00,5.170000076293945,51499.0
2020-03-18 12:57:00,5.225200176239014,117168.0
2020-03-18 12:58:00,5.119999885559082,121928.0
2020-03-18 12:59:00,5.065000057220459,120092.0
2020-03-18 13:00:00,5.089900016784668,9092.0
2020-03-18 13:01:00,5.169899940490723,101882.0
2020-03-18 13:02:00,5.139999866485596,13578.0
2020-03-18 13:03:00,5.192299842834473,42641.0
2020-03-18 13:04:00,5.2399001121521,94844.0
2020-03-18 13:05:00,5.140100002288818,55920.0
2020-03-18 13:06:00,5.150000095367432,16561.0
2020-03-18 13:07:00,5.139999866485596,36116.0
2020-03-18 13:08:00,5.179999828338623,42728.0
2020-03-18 13:09:00,5.25,76122.0
2020-03-18 13:10:00,5.2683000564575195,114672.0
2020-03-18 13:11:00,5.178400039672852,134639.0
2020-03-18 13:12:00,5.229899883270264,13589.0
2020-03-18 13:13:00,5.25,39883.0
2020-03-18 13:14:00,5.28000020980835,61052.0
2020-03-18 13:15:00,5.236299991607666,57738.0
2020-03-18 13:16:00,5.193900108337402,33998.0
2020-03-18 13:17:00,5.21999979019165,38290.0
2020-03-18 13:18:00,5.299900054931641,29225.0
2020-03-18 13:19:00,5.289999961853027,25851.0
2020-03-18 13:20:00,5.340000152587891,53241.0
2020-03-18 13:21:00,5.370100021362305,79817.0
2020-03-18 13:22:00,5.364999771118164,26485.0
2020-03-18 13:23:00,5.349999904632568,69204.0
2020-03-18 13:24:00,5.300000190734863,80130.0
2020-03-18 13:25:00,5.290200233459473,40357.0
2020-03-18 13:26:00,5.331200122833252,35817.0
2020-03-18 13:27:00,5.309899806976318,28898.0
2020-03-18 13:28:00,5.2692999839782715,80377.0
2020-03-18 13:29:00,5.263899803161621,23316.0
2020-03-18 13:30:00,5.28000020980835,10537.0
2020-03-18 13:31:00,5.230000019073486,23808.0
2020-03-18 13:32:00,5.185800075531006,75167.0
2020-03-18 13:33:00,5.117300033569336,55928.0
2020-03-18 13:34:00,5.191100120544434,58081.0
2020-03-18 13:35:00,5.159999847412109,9819.0
2020-03-18 13:36:00,5.177800178527832,12315.0
2020-03-18 13:37:00,5.060100078582764,19807.0
2020-03-18 13:38:00,5.019999980926514,59815.0
2020-03-18 13:39:00,5.10860013961792,66971.0
2020-03-18 13:40:00,5.150100231170654,22353.0
2020-03-18 13:41:00,5.170000076293945,29944.0
2020-03-18 13:42:00,5.179999828338623,61322.0
2020-03-18 13:43:00,5.156099796295166,22735.0
2020-03-18 13:44:00,5.113100051879883,14568.0
2020-03-18 13:45:00,5.110499858856201,16992.0
2020-03-18 13:46:00,5.130199909210205,27655.0
2020-03-18 13:47:00,5.139999866485596,13238.0
2020-03-18 13:48:00,5.170000076293945,41292.0
2020-03-18 13:49:00,5.160099983215332,8230.0
2020-03-18 13:50:00,5.164999961853027,19766.0
2020-03-18 13:51:00,5.150000095367432,19683.0
2020-03-18 13:52:00,5.170100212097168,12613.0
2020-03-18 13:53:00,5.140100002288818,28628.0
2020-03-18 13:54:00,5.050000190734863,33894.0
2020-03-18 13:55:00,5.0482001304626465,35020.0
2020-03-18 13:56:00,5.019999980926514,90953.0
2020-03-18 13:57:00,5.039999961853027,33150.0
2020-03-18 13:58:00,5.09499979019165,22457.0
2020-03-18 13:59:00,5.050000190734863,26365.0
2020-03-18 14:00:00,5.050000190734863,7711.0
2020-03-18 14:01:00,5.070099830627441,41317.0
2020-03-18 14:02:00,5.139999866485596,30876.0
2020-03-18 14:03:00,5.202000141143799,82846.0
2020-03-18 14:04:00,5.199999809265137,74149.0
2020-03-18 14:05:00,5.125,21359.0
2020-03-18 14:06:00,5.150000095367432,41306.0
2020-03-18 14:07:00,5.099999904632568,16421.0
2020-03-18 14:08:00,5.099999904632568,8908.0
2020-03-18 14:09:00,5.130099773406982,23276.0
2020-03-18 14:10:00,5.159999847412109,22456.0
2020-03-18 14:11:00,5.173299789428711,29118.0
2020-03-18 14:12:00,5.16480016708374,29268.0
2020-03-18 14:13:00,5.159999847412109,30233.0
2020-03-18 14:14:00,5.190000057220459,28621.0
2020-03-18 14:15:00,5.230000019073486,39649.0
2020-03-18 14:16:00,5.239999771118164,31908.0
2020-03-18 14:17:00,5.235199928283691,32743.0
2020-03-18 14:18:00,5.267600059509277,67972.0
2020-03-18 14:19:00,5.320799827575684,114332.0
2020-03-18 14:20:00,5.349999904632568,117269.0
2020-03-18 14:21:00,5.380000114440918,31474.0
2020-03-18 14:22:00,5.373499870300293,102479.0
2020-03-18 14:23:00,5.445000171661377,151376.0
2020-03-18 14:24:00,5.525000095367432,123033.0
2020-03-18 14:25:00,5.679999828338623,124426.0
2020-03-18 14:26:00,5.324999809265137,149839.0
2020-03-18 14:27:00,5.489999771118164,91856.0
2020-03-18 14:28:00,5.460000038146973,17170.0
2020-03-18 14:29:00,5.458099842071533,27635.0
2020-03-18 14:30:00,5.570099830627441,71223.0
2020-03-18 14:31:00,5.460000038146973,56018.0
2020-03-18 14:32:00,5.474999904632568,28909.0
2020-03-18 14:33:00,5.550000190734863,21146.0
2020-03-18 14:34:00,5.450099945068359,30605.0
2020-03-18 14:35:00,5.491199970245361,12593.0
2020-03-18 14:36:00,5.520100116729736,38468.0
2020-03-18 14:37:00,5.630000114440918,122658.0
2020-03-18 14:38:00,5.679900169372559,155326.0
2020-03-18 14:39:00,5.655099868774414,90686.0
2020-03-18 14:40:00,5.659999847412109,64881.0
2020-03-18 14:41:00,5.519999980926514,158096.0
2020-03-18 14:42:00,5.524099826812744,28041.0
2020-03-18 14:43:00,5.525000095367432,47578.0
2020-03-18 14:44:00,5.53000020980835,17537.0
2020-03-18 14:45:00,5.53000020980835,44498.0
2020-03-18 14:46:00,5.511899948120117,40843.0
2020-03-18 14:47:00,5.521299839019775,29915.0
2020-03-18 14:48:00,5.585299968719482,63652.0
2020-03-18 14:49:00,5.760200023651123,187308.0
2020-03-18 14:50:00,5.760000228881836,86286.0
2020-03-18 14:51:00,5.740099906921387,124336.0
2020-03-18 14:52:00,5.71999979019165,52479.0
2020-03-18 14:53:00,5.712100028991699,106010.0
2020-03-18 14:54:00,5.704999923706055,57628.0
2020-03-18 14:55:00,5.544600009918213,112652.0
2020-03-18 14:56:00,5.671899795532227,39288.0
2020-03-18 14:57:00,5.78000020980835,183758.0
2020-03-18 14:58:00,5.949999809265137,158961.0
2020-03-18 14:59:00,5.849999904632568,206865.0
2020-03-19 08:30:00,5.649899959564209,787164.0
2020-03-19 08:31:00,5.600100040435791,80258.0
2020-03-19 08:32:00,5.600100040435791,40066.0
2020-03-19 08:33:00,5.277900218963623,96720.0
2020-03-19 08:34:00,5.420000076293945,117173.0
2020-03-19 08:35:00,5.499899864196777,80102.0
2020-03-19 08:36:00,5.800000190734863,108817.0
2020-03-19 08:37:00,5.880000114440918,63467.0
2020-03-19 08:38:00,5.949999809265137,258875.0
2020-03-19 08:39:00,6.239999771118164,260093.0
2020-03-19 08:40:00,6.449999809265137,172769.0
2020-03-19 08:41:00,6.550000190734863,167368.0
2020-03-19 08:42:00,6.699900150299072,127184.0
2020-03-19 08:43:00,6.541600227355957,180141.0
2020-03-19 08:44:00,6.300000190734863,77513.0
2020-03-19 08:45:00,6.124100208282471,59952.0
2020-03-19 08:46:00,5.671899795532227,127460.0
2020-03-19 08:47:00,5.929999828338623,99845.0
2020-03-19 08:48:00,5.900000095367432,62040.0
2020-03-19 08:49:00,5.889900207519531,96089.0
2020-03-19 08:50:00,6.159999847412109,98921.0
2020-03-19 08:51:00,5.985899925231934,62484.0
2020-03-19 08:52:00,6.059999942779541,84376.0
2020-03-19 08:53:00,6.090099811553955,38696.0
2020-03-19 08:54:00,5.999899864196777,44467.0
2020-03-19 08:55:00,5.900100231170654,101908.0
2020-03-19 08:56:00,5.929999828338623,68608.0
2020-03-19 08:57:00,5.909999847412109,138801.0
2020-03-19 08:58:00,5.910099983215332,152367.0
2020-03-19 08:59:00,5.830100059509277,199419.0
2020-03-19 09:00:00,5.639100074768066,222985.0
2020-03-19 09:01:00,5.5,125252.0
2020-03-19 09:02:00,5.0,54671.0
2020-03-19 09:03:00,5.2322998046875,46335.0
2020-03-19 09:04:00,5.355000019073486,82837.0
2020-03-19 09:05:00,5.449999809265137,54102.0
2020-03-19 09:06:00,5.510000228881836,48570.0
2020-03-19 09:07:00,5.669899940490723,30047.0
2020-03-19 09:08:00,5.5680999755859375,21741.0
2020-03-19 09:09:00,5.550000190734863,31602.0
2020-03-19 09:10:00,5.684999942779541,47968.0
2020-03-19 09:11:00,5.660200119018555,18399.0
2020-03-19 09:12:00,5.566100120544434,40751.0
2020-03-19 09:13:00,5.574999809265137,17714.0
2020-03-19 09:14:00,5.630000114440918,56106.0
2020-03-19 09:15:00,5.670100212097168,32795.0
2020-03-19 09:16:00,5.749899864196777,66280.0
2020-03-19 09:17:00,5.920000076293945,80672.0
2020-03-19 09:18:00,5.880000114440918,14518.0
2020-03-19 09:19:00,5.816999912261963,18262.0
2020-03-19 09:20:00,5.675300121307373,59237.0
2020-03-19 09:21:00,5.7769999504089355,25103.0
2020-03-19 09:22:00,5.579999923706055,43210.0
2020-03-19 09:23:00,5.678299903869629,25241.0
2020-03-19 09:24:00,5.71999979019165,14205.0
2020-03-19 09:25:00,5.789999961853027,6972.0
2020-03-19 09:26:00,5.799799919128418,3759.0
2020-03-19 09:27:00,5.760000228881836,6061.0
2020-03-19 09:28:00,5.769999980926514,110206.0
2020-03-19 09:29:00,5.900000095367432,15766.0
2020-03-19 09:30:00,5.888400077819824,12117.0
2020-03-19 09:31:00,5.894999980926514,63781.0
2020-03-19 09:32:00,5.989999771118164,74850.0
2020-03-19 09:33:00,5.999800205230713,54097.0
2020-03-19 09:34:00,5.934999942779541,38652.0
2020-03-19 09:35:00,5.940000057220459,11833.0
2020-03-19 09:36:00,5.965000152587891,26160.0
2020-03-19 09:37:00,5.949999809265137,30488.0
2020-03-19 09:38:00,6.0,28571.0
2020-03-19 09:39:00,6.019999980926514,19798.0
2020-03-19 09:40:00,6.098199844360352,17890.0
2020-03-19 09:41:00,6.170000076293945,65547.0
2020-03-19 09:42:00,6.150000095367432,38253.0
2020-03-19 09:43:00,6.114299774169922,38519.0
2020-03-19 09:44:00,6.1778998374938965,19190.0
2020-03-19 09:45:00,6.047299861907959,54980.0
2020-03-19 09:46:00,6.070199966430664,11427.0
2020-03-19 09:47:00,6.130000114440918,18982.0
2020-03-19 09:48:00,6.135000228881836,20124.0
2020-03-19 09:49:00,6.160699844360352,23015.0
2020-03-19 09:50:00,6.339799880981445,90382.0
2020-03-19 09:51:00,6.260700225830078,20739.0
2020-03-19 09:52:00,6.295300006866455,14524.0
2020-03-19 09:53:00,6.260000228881836,25804.0
2020-03-19 09:54:00,6.199999809265137,27165.0
2020-03-19 09:55:00,6.291100025177002,40456.0
2020-03-19 09:56:00,6.400000095367432,30801.0
2020-03-19 09:57:00,6.337699890136719,10827.0
2020-03-19 09:58:00,6.309999942779541,16307.0
2020-03-19 09:59:00,6.429999828338623,23355.0
2020-03-19 10:00:00,6.281199932098389,40076.0
2020-03-19 10:01:00,6.223100185394287,21846.0
2020-03-19 10:02:00,6.090099811553955,56949.0
2020-03-19 10:03:00,6.249899864196777,22367.0
2020-03-19 10:04:00,6.337900161743164,23806.0
2020-03-19 10:05:00,6.309999942779541,9336.0
2020-03-19 10:06:00,6.219900131225586,28024.0
2020-03-19 10:07:00,6.248499870300293,24050.0
2020-03-19 10:08:00,6.140100002288818,31108.0
2020-03-19 10:09:00,6.239999771118164,42323.0
2020-03-19 10:10:00,6.215000152587891,3506.0
2020-03-19 10:11:00,6.186699867248535,14631.0
2020-03-19 10:12:00,6.145400047302246,6569.0
2020-03-19 10:13:00,6.0,64440.0
2020-03-19 10:14:00,6.010000228881836,28852.0
2020-03-19 10:15:00,6.0,22141.0
2020-03-19 10:16:00,6.025000095367432,34583.0
2020-03-19 10:17:00,6.0,4163.0
2020-03-19 10:18:00,6.059999942779541,12044.0
2020-03-19 10:19:00,6.129899978637695,11249.0
2020-03-19 10:20:00,6.071899890899658,1234.0
2020-03-19 10:21:00,6.005000114440918,16755.0
2020-03-19 10:22:00,6.010000228881836,8112.0
2020-03-19 10:23:00,6.003900051116943,7200.0
2020-03-19 10:24:00,6.0,2279.0
2020-03-19 10:25:00,5.980000019073486,3318.0
2020-03-19 10:26:00,5.9070000648498535,37253.0
2020-03-19 10:27:00,5.980000019073486,11474.0
2020-03-19 10:28:00,5.804500102996826,7142.0
2020-03-19 10:29:00,5.809999942779541,26451.0
2020-03-19 10:30:00,5.869999885559082,12272.0
2020-03-19 10:31:00,6.0,30628.0
2020-03-19 10:32:00,5.864999771118164,27836.0
2020-03-19 10:33:00,5.820000171661377,8398.0
2020-03-19 10:34:00,5.699999809265137,16738.0
2020-03-19 10:35:00,5.731500148773193,9758.0
2020-03-19 10:36:00,5.741399765014648,2863.0
2020-03-19 10:37:00,5.75,4747.0
2020-03-19 10:38:00,5.710100173950195,10985.0
2020-03-19 10:39:00,5.800000190734863,17134.0
2020-03-19 10:40:00,5.800000190734863,2950.0
2020-03-19 10:41:00,5.750100135803223,8440.0
2020-03-19 10:42:00,5.829999923706055,3227.0
2020-03-19 10:43:00,5.860000133514404,14684.0
2020-03-19 10:44:00,5.75,20686.0
2020-03-19 10:45:00,5.807300090789795,5174.0
2020-03-19 10:46:00,5.810100078582764,704.0
2020-03-19 10:47:00,5.839900016784668,7023.0
2020-03-19 10:48:00,5.921599864959717,5325.0
2020-03-19 10:49:00,5.769999980926514,17874.0
2020-03-19 10:50:00,5.730899810791016,355.0
2020-03-19 10:51:00,5.74970006942749,5290.0
2020-03-19 10:52:00,5.730000019073486,8018.0
2020-03-19 10:53:00,5.650000095367432,23709.0
2020-03-19 10:54:00,5.684999942779541,3371.0
2020-03-19 10:55:00,5.619999885559082,4495.0
2020-03-19 10:56:00,5.679999828338623,1862.0
2020-03-19 10:57:00,5.779900074005127,13975.0
2020-03-19 10:58:00,5.800000190734863,19400.0
2020-03-19 10:59:00,5.79449987411499,12525.0
2020-03-19 11:00:00,5.969900131225586,131331.0
2020-03-19 11:01:00,5.990099906921387,24260.0
2020-03-19 11:02:00,6.000100135803223,17161.0
2020-03-19 11:03:00,6.079999923706055,10492.0
2020-03-19 11:04:00,6.074999809265137,11437.0
2020-03-19 11:05:00,5.900000095367432,34644.0
2020-03-19 11:06:00,5.83050012588501,5599.0
2020-03-19 11:07:00,5.909999847412109,5454.0
2020-03-19 11:08:00,6.019999980926514,13600.0
2020-03-19 11:09:00,6.050000190734863,6540.0
2020-03-19 11:10:00,6.050099849700928,19550.0
2020-03-19 11:11:00,5.949999809265137,60481.0
2020-03-19 11:12:00,5.90500020980835,2918.0
2020-03-19 11:13:00,5.909999847412109,13753.0
2020-03-19 11:14:00,5.909999847412109,32413.0
2020-03-19 11:15:00,5.9197001457214355,11184.0
2020-03-19 11:16:00,5.929999828338623,162.0
2020-03-19 11:17:00,5.852099895477295,12567.0
2020-03-19 11:18:00,5.900000095367432,4936.0
2020-03-19 11:19:00,5.900000095367432,6369.0
2020-03-19 11:20:00,5.75,13886.0
2020-03-19 11:21:00,5.732100009918213,69261.0
2020-03-19 11:22:00,5.804999828338623,1057.0
2020-03-19 11:23:00,5.75,8400.0
2020-03-19 11:24:00,5.869999885559082,12657.0
2020-03-19 11:25:00,5.839000225067139,15339.0
2020-03-19 11:27:00,5.820000171661377,9305.0
2020-03-19 11:28:00,5.815000057220459,625.0
2020-03-19 11:29:00,5.820000171661377,2879.0
2020-03-19 11:30:00,5.789999961853027,929.0
2020-03-19 11:31:00,5.75,9812.0
2020-03-19 11:32:00,5.752099990844727,233.0
2020-03-19 11:33:00,5.829999923706055,12394.0
2020-03-19 11:34:00,5.710100173950195,2698.0
2020-03-19 11:35:00,5.804299831390381,693.0
2020-03-19 11:36:00,5.829999923706055,5273.0
2020-03-19 11:37:00,5.828100204467773,2811.0
2020-03-19 11:38:00,5.800000190734863,1210.0
2020-03-19 11:39:00,5.78000020980835,20365.0
2020-03-19 11:40:00,5.789999961853027,1000.0
2020-03-19 11:41:00,5.789999961853027,3865.0
2020-03-19 11:42:00,5.75,6694.0
2020-03-19 11:43:00,5.699999809265137,3136.0
2020-03-19 11:44:00,5.671899795532227,7827.0
2020-03-19 11:45:00,5.690000057220459,23213.0
2020-03-19 11:46:00,5.653800010681152,2421.0
2020-03-19 11:47:00,5.679999828338623,543.0
2020-03-19 11:48:00,5.679999828338623,1392.0
2020-03-19 11:49:00,5.680099964141846,518.0
2020-03-19 11:50:00,5.681300163269043,2531.0
2020-03-19 11:51:00,5.679999828338623,1284.0
2020-03-19 11:52:00,5.679999828338623,1330.0
2020-03-19 11:53:00,5.680200099945068,1773.0
2020-03-19 11:54:00,5.690000057220459,3559.0
2020-03-19 11:55:00,5.730000019073486,10208.0
2020-03-19 11:57:00,5.820000171661377,11385.0
2020-03-19 11:58:00,5.880000114440918,3225.0
2020-03-19 11:59:00,5.889999866485596,7931.0
2020-03-19 12:00:00,5.751999855041504,2566.0
2020-03-19 12:01:00,5.78000020980835,2539.0
2020-03-19 12:02:00,5.780099868774414,13810.0
2020-03-19 12:03:00,5.818900108337402,6346.0
2020-03-19 12:04:00,5.784999847412109,253.0
2020-03-19 12:05:00,5.804999828338623,317.0
2020-03-19 12:06:00,5.7600998878479,11965.0
2020-03-19 12:07:00,5.699999809265137,3498.0
2020-03-19 12:08:00,5.699999809265137,3499.0
2020-03-19 12:09:00,5.730000019073486,3125.0
2020-03-19 12:10:00,5.724999904632568,2215.0
2020-03-19 12:11:00,5.699999809265137,6034.0
2020-03-19 12:12:00,5.69980001449585,35490.0
2020-03-19 12:13:00,5.619999885559082,19371.0
2020-03-19 12:14:00,5.610000133514404,3653.0
2020-03-19 12:15:00,5.619999885559082,341.0
2020-03-19 12:16:00,5.664999961853027,6610.0
2020-03-19 12:17:00,5.748499870300293,5344.0
2020-03-19 12:18:00,5.6921000480651855,2838.0
2020-03-19 12:19:00,5.630000114440918,41312.0
2020-03-19 12:20:00,5.621200084686279,7460.0
2020-03-19 12:21:00,5.675000190734863,9679.0
2020-03-19 12:22:00,5.610000133514404,2621.0
2020-03-19 12:23:00,5.630000114440918,515.0
2020-03-19 12:24:00,5.620100021362305,9272.0
2020-03-19 12:25:00,5.619999885559082,579.0
2020-03-19 12:26:00,5.642000198364258,5645.0
2020-03-19 12:27:00,5.679999828338623,808.0
2020-03-19 12:28:00,5.675000190734863,13575.0
2020-03-19 12:29:00,5.610000133514404,4937.0
2020-03-19 12:30:00,5.610099792480469,6465.0
2020-03-19 12:31:00,5.6072998046875,713.0
2020-03-19 12:32:00,5.570000171661377,11603.0
2020-03-19 12:33:00,5.570000171661377,10594.0
2020-03-19 12:34:00,5.519999980926514,19955.0
2020-03-19 12:35:00,5.53000020980835,13010.0
2020-03-19 12:36:00,5.53000020980835,3841.0
2020-03-19 12:37:00,5.500500202178955,14918.0
2020-03-19 12:38:00,5.510000228881836,2528.0
2020-03-19 12:39:00,5.539999961853027,5220.0
2020-03-19 12:40:00,5.570000171661377,11609.0
2020-03-19 12:41:00,5.610000133514404,10890.0
2020-03-19 12:42:00,5.559999942779541,23503.0
2020-03-19 12:43:00,5.550000190734863,300.0
2020-03-19 12:44:00,5.550000190734863,4212.0
2020-03-19 12:45:00,5.570000171661377,1801.0
2020-03-19 12:46:00,5.599899768829346,10327.0
2020-03-19 12:47:00,5.550000190734863,1020.0
2020-03-19 12:48:00,5.599999904632568,1917.0
2020-03-19 12:49:00,5.519999980926514,300.0
2020-03-19 12:50:00,5.500100135803223,6790.0
2020-03-19 12:51:00,5.518099784851074,2500.0
2020-03-19 12:52:00,5.520100116729736,101.0
2020-03-19 12:53:00,5.489999771118164,20443.0
2020-03-19 12:54:00,5.345099925994873,62924.0
2020-03-19 12:55:00,5.329999923706055,16582.0
2020-03-19 12:56:00,5.499899864196777,18095.0
2020-03-19 12:57:00,5.5,25563.0
2020-03-19 12:58:00,5.349999904632568,5976.0
2020-03-19 12:59:00,5.425000190734863,1250.0
2020-03-19 13:00:00,5.400100231170654,8508.0
2020-03-19 13:01:00,5.489999771118164,2716.0
2020-03-19 13:02:00,5.480000019073486,8302.0
2020-03-19 13:03:00,5.454999923706055,17263.0
2020-03-19 13:04:00,5.429999828338623,24310.0
2020-03-19 13:05:00,5.449999809265137,20458.0
2020-03-19 13:06:00,5.46999979019165,3015.0
2020-03-19 13:07:00,5.534999847412109,65288.0
2020-03-19 13:08:00,5.559800148010254,15718.0
2020-03-19 13:09:00,5.650000095367432,22081.0
2020-03-19 13:10:00,5.525000095367432,14848.0
2020-03-19 13:11:00,5.54010009765625,8713.0
2020-03-19 13:12:00,5.550000190734863,575.0
2020-03-19 13:13:00,5.559999942779541,11721.0
2020-03-19 13:14:00,5.608399868011475,13536.0
2020-03-19 13:16:00,5.639900207519531,22063.0
2020-03-19 13:17:00,5.559999942779541,300.0
2020-03-19 13:18:00,5.560100078582764,15485.0
2020-03-19 13:20:00,5.59499979019165,9563.0
2020-03-19 13:21:00,5.568900108337402,148.0
2020-03-19 13:22:00,5.570099830627441,5040.0
2020-03-19 13:23:00,5.519999980926514,14334.0
2020-03-19 13:24:00,5.500100135803223,13876.0
2020-03-19 13:25:00,5.4604997634887695,4631.0
2020-03-19 13:26:00,5.520100116729736,42135.0
2020-03-19 13:27:00,5.550000190734863,1250.0
2020-03-19 13:28:00,5.630000114440918,5213.0
2020-03-19 13:29:00,5.593800067901611,15764.0
2020-03-19 13:30:00,5.599999904632568,6049.0
2020-03-19 13:31:00,5.599999904632568,5002.0
2020-03-19 13:32:00,5.585000038146973,1356.0
2020-03-19 13:33:00,5.5,500.0
2020-03-19 13:34:00,5.480000019073486,2897.0
2020-03-19 13:35:00,5.449999809265137,8379.0
2020-03-19 13:36:00,5.380000114440918,20206.0
2020-03-19 13:37:00,5.369999885559082,10213.0
2020-03-19 13:38:00,5.324999809265137,13396.0
2020-03-19 13:39:00,5.255000114440918,35541.0
2020-03-19 13:40:00,5.204999923706055,51290.0
2020-03-19 13:41:00,5.25,61496.0
2020-03-19 13:42:00,5.329999923706055,30017.0
2020-03-19 13:43:00,5.180099964141846,40072.0
2020-03-19 13:44:00,5.193699836730957,11610.0
2020-03-19 13:45:00,5.275000095367432,61113.0
2020-03-19 13:46:00,5.300000190734863,5322.0
2020-03-19 13:47:00,5.296299934387207,7120.0
2020-03-19 13:48:00,5.303699970245361,7008.0
2020-03-19 13:49:00,5.340000152587891,5575.0
2020-03-19 13:50:00,5.200099945068359,18605.0
2020-03-19 13:51:00,5.269999980926514,13910.0
2020-03-19 13:52:00,5.211100101470947,418.0
2020-03-19 13:53:00,5.210100173950195,10951.0
2020-03-19 13:54:00,5.339700222015381,34540.0
2020-03-19 13:55:00,5.22160005569458,2403.0
2020-03-19 13:56:00,5.210100173950195,2395.0
2020-03-19 13:57:00,5.173799991607666,8096.0
2020-03-19 13:58:00,5.17579984664917,11600.0
2020-03-19 13:59:00,5.084000110626221,33971.0
2020-03-19 14:00:00,5.050000190734863,25992.0
2020-03-19 14:01:00,4.974999904632568,81815.0
2020-03-19 14:02:00,5.000100135803223,43388.0
2020-03-19 14:03:00,5.05049991607666,18851.0
2020-03-19 14:04:00,4.960999965667725,45719.0
2020-03-19 14:05:00,4.940100193023682,95428.0
2020-03-19 14:06:00,4.940000057220459,11008.0
2020-03-19 14:07:00,4.750100135803223,54633.0
2020-03-19 14:08:00,4.799799919128418,31418.0
2020-03-19 14:09:00,4.77209997177124,142318.0
2020-03-19 14:10:00,4.77209997177124,11837.0
2020-03-19 14:11:00,4.950300216674805,59359.0
2020-03-19 14:12:00,4.889999866485596,24390.0
2020-03-19 14:13:00,4.700099945068359,51749.0
2020-03-19 14:14:00,4.510200023651123,98408.0
2020-03-19 14:15:00,4.55019998550415,194579.0
2020-03-19 14:16:00,4.670100212097168,40564.0
2020-03-19 14:17:00,4.679900169372559,47075.0
2020-03-19 14:18:00,4.650000095367432,73012.0
2020-03-19 14:19:00,4.650000095367432,24171.0
2020-03-19 14:20:00,4.610000133514404,26502.0
2020-03-19 14:21:00,4.605000019073486,21085.0
2020-03-19 14:22:00,4.550000190734863,39823.0
2020-03-19 14:23:00,4.505000114440918,78982.0
2020-03-19 14:24:00,4.280300140380859,82037.0
2020-03-19 14:25:00,4.244999885559082,45223.0
2020-03-19 14:26:00,4.304699897766113,187649.0
2020-03-19 14:27:00,4.275000095367432,46634.0
2020-03-19 14:28:00,4.300099849700928,55806.0
2020-03-19 14:29:00,4.350100040435791,24497.0
2020-03-19 14:30:00,4.425000190734863,44471.0
2020-03-19 14:31:00,4.599999904632568,98212.0
2020-03-19 14:32:00,4.5,33622.0
2020-03-19 14:33:00,4.350100040435791,64417.0
2020-03-19 14:34:00,4.380799770355225,33013.0
2020-03-19 14:35:00,4.429999828338623,44514.0
2020-03-19 14:36:00,4.467700004577637,49167.0
2020-03-19 14:37:00,4.482500076293945,33834.0
2020-03-19 14:38:00,4.46999979019165,5425.0
2020-03-19 14:39:00,4.349999904632568,16335.0
2020-03-19 14:40:00,4.429900169372559,38335.0
2020-03-19 14:41:00,4.36269998550415,15979.0
2020-03-19 14:42:00,4.329999923706055,30076.0
2020-03-19 14:43:00,4.400000095367432,29585.0
2020-03-19 14:44:00,4.346700191497803,30670.0
2020-03-19 14:45:00,4.345300197601318,20208.0
2020-03-19 14:46:00,4.349999904632568,3525.0
2020-03-19 14:48:00,4.480000019073486,57577.0
2020-03-19 14:49:00,4.57919979095459,82936.0
2020-03-19 14:50:00,4.652500152587891,142569.0
2020-03-19 14:51:00,4.869999885559082,109403.0
2020-03-19 14:52:00,4.909999847412109,104833.0
2020-03-19 14:53:00,5.086100101470947,117651.0
2020-03-19 14:54:00,4.900000095367432,121302.0
2020-03-19 14:55:00,5.059999942779541,59325.0
2020-03-19 14:56:00,5.078999996185303,73544.0
2020-03-19 14:57:00,5.550000190734863,127965.0
2020-03-19 14:58:00,5.429100036621094,60642.0
2020-03-19 14:59:00,5.340000152587891,80999.0
2020-03-20 08:30:00,4.569900035858154,308971.0
2020-03-20 08:31:00,4.593999862670898,21949.0
2020-03-20 08:32:00,4.659200191497803,110654.0
2020-03-20 08:34:00,4.559999942779541,114210.0
2020-03-20 08:35:00,4.896999835968018,47410.0
2020-03-20 08:36:00,4.910699844360352,86574.0
2020-03-20 08:37:00,4.849999904632568,17981.0
2020-03-20 08:38:00,4.7133002281188965,38825.0
2020-03-20 08:39:00,4.900100231170654,25297.0
2020-03-20 08:40:00,4.849999904632568,68141.0
2020-03-20 08:41:00,4.891900062561035,27456.0
2020-03-20 08:42:00,5.0,35093.0
2020-03-20 08:43:00,5.105000019073486,36823.0
2020-03-20 08:44:00,5.069900035858154,56059.0
2020-03-20 08:45:00,5.071000099182129,18621.0
2020-03-20 08:46:00,5.315000057220459,74294.0
2020-03-20 08:47:00,5.329999923706055,98086.0
2020-03-20 08:48:00,5.175000190734863,102105.0
2020-03-20 08:49:00,5.19980001449585,32154.0
2020-03-20 08:50:00,5.170000076293945,11740.0
2020-03-20 08:51:00,5.329999923706055,56454.0
2020-03-20 08:52:00,5.199999809265137,45025.0
2020-03-20 08:53:00,5.000100135803223,42786.0
2020-03-20 08:54:00,4.981200218200684,57039.0
2020-03-20 08:55:00,5.005099773406982,9006.0
2020-03-20 08:56:00,5.099999904632568,12567.0
2020-03-20 08:57:00,5.230000019073486,18827.0
2020-03-20 08:58:00,5.200099945068359,44721.0
2020-03-20 08:59:00,5.199999809265137,30256.0
2020-03-20 09:00:00,5.000800132751465,25199.0
2020-03-20 09:01:00,5.149899959564209,12074.0
2020-03-20 09:02:00,5.099899768829346,9027.0
2020-03-20 09:03:00,5.025000095367432,5209.0
2020-03-20 09:04:00,5.045000076293945,4834.0
2020-03-20 09:05:00,4.961999893188477,5390.0
2020-03-20 09:06:00,5.138999938964844,6626.0
2020-03-20 09:07:00,5.210700035095215,18888.0
2020-03-20 09:08:00,5.197999954223633,23891.0
2020-03-20 09:09:00,5.070000171661377,2848.0
2020-03-20 09:10:00,5.139900207519531,18720.0
2020-03-20 09:11:00,5.135499954223633,11625.0
2020-03-20 09:12:00,4.989999771118164,13216.0
2020-03-20 09:13:00,5.065000057220459,6642.0
2020-03-20 09:14:00,5.0690999031066895,3401.0
2020-03-20 09:15:00,5.0,629.0
2020-03-20 09:16:00,5.011099815368652,457.0
2020-03-20 09:17:00,4.769999980926514,57422.0
2020-03-20 09:18:00,4.900000095367432,10829.0
2020-03-20 09:19:00,4.739999771118164,24492.0
2020-03-20 09:20:00,4.800000190734863,21167.0
2020-03-20 09:21:00,4.860000133514404,9030.0
2020-03-20 09:22:00,4.820000171661377,11019.0
2020-03-20 09:23:00,4.940000057220459,15700.0
2020-03-20 09:24:00,4.929999828338623,9035.0
2020-03-20 09:25:00,4.929999828338623,19715.0
2020-03-20 09:26:00,4.929999828338623,2536.0
2020-03-20 09:27:00,4.940000057220459,674.0
2020-03-20 09:28:00,4.960000038146973,2310.0
2020-03-20 09:29:00,4.980000019073486,441.0
2020-03-20 09:30:00,5.0,2619.0
2020-03-20 09:31:00,5.025000095367432,20764.0
2020-03-20 09:32:00,4.98829984664917,543.0
2020-03-20 09:33:00,4.960000038146973,3559.0
2020-03-20 09:34:00,4.960000038146973,26280.0
2020-03-20 09:35:00,4.940000057220459,9968.0
2020-03-20 09:36:00,4.850100040435791,3952.0
2020-03-20 09:37:00,4.914599895477295,2077.0
2020-03-20 09:38:00,4.980000019073486,792.0
2020-03-20 09:39:00,5.034999847412109,15687.0
2020-03-20 09:40:00,5.199999809265137,25593.0
2020-03-20 09:41:00,5.25,57338.0
2020-03-20 09:42:00,5.244999885559082,55613.0
2020-03-20 09:43:00,5.119999885559082,16093.0
2020-03-20 09:44:00,5.090000152587891,44990.0
2020-03-20 09:45:00,5.21999979019165,32748.0
2020-03-20 09:46:00,5.210000038146973,13764.0
2020-03-20 09:47:00,5.199999809265137,33310.0
2020-03-20 09:48:00,5.199999809265137,46830.0
2020-03-20 09:49:00,5.300000190734863,42530.0
2020-03-20 09:50:00,5.349999904632568,48936.0
2020-03-20 09:51:00,5.283899784088135,18613.0
2020-03-20 09:52:00,5.304999828338623,22638.0
2020-03-20 09:53:00,5.269999980926514,22931.0
2020-03-20 09:54:00,5.269999980926514,45021.0
2020-03-20 09:55:00,5.340000152587891,40027.0
2020-03-20 09:56:00,5.400100231170654,61553.0
2020-03-20 09:57:00,5.392000198364258,26645.0
2020-03-20 09:58:00,5.439899921417236,19004.0
2020-03-20 09:59:00,5.479899883270264,21103.0
2020-03-20 10:00:00,5.364999771118164,59950.0
2020-03-20 10:01:00,5.5,34468.0
2020-03-20 10:02:00,5.498899936676025,28716.0
2020-03-20 10:03:00,5.4222002029418945,110239.0
2020-03-20 10:04:00,5.47790002822876,48603.0
2020-03-20 10:05:00,5.349999904632568,24557.0
2020-03-20 10:06:00,5.460000038146973,48708.0
2020-03-20 10:07:00,5.579899787902832,29974.0
2020-03-20 10:08:00,5.559999942779541,8030.0
2020-03-20 10:09:00,5.570000171661377,21760.0
2020-03-20 10:10:00,5.460000038146973,35675.0
2020-03-20 10:11:00,5.360000133514404,16620.0
2020-03-20 10:12:00,5.400000095367432,29477.0
2020-03-20 10:13:00,5.44189977645874,6481.0
2020-03-20 10:14:00,5.400000095367432,2225.0
2020-03-20 10:15:00,5.360000133514404,5356.0
2020-03-20 10:16:00,5.380000114440918,737.0
2020-03-20 10:17:00,5.420000076293945,2349.0
2020-03-20 10:18:00,5.460000038146973,15083.0
2020-03-20 10:19:00,5.4679999351501465,3930.0
2020-03-20 10:20:00,5.509900093078613,48718.0
2020-03-20 10:21:00,5.481900215148926,37675.0
2020-03-20 10:22:00,5.4481000900268555,29726.0
2020-03-20 10:23:00,5.490799903869629,17417.0
2020-03-20 10:24:00,5.599999904632568,77621.0
2020-03-20 10:25:00,5.690000057220459,118866.0
2020-03-20 10:26:00,5.739799976348877,50280.0
2020-03-20 10:27:00,5.729899883270264,32196.0
2020-03-20 10:28:00,5.699999809265137,31671.0
2020-03-20 10:29:00,5.670000076293945,19840.0
2020-03-20 10:30:00,5.650000095367432,27117.0
2020-03-20 10:31:00,5.679999828338623,40932.0
2020-03-20 10:32:00,5.630000114440918,15951.0
2020-03-20 10:33:00,5.679999828338623,15561.0
2020-03-20 10:34:00,5.699999809265137,24708.0
2020-03-20 10:35:00,5.800000190734863,58256.0
2020-03-20 10:36:00,5.820000171661377,56584.0
2020-03-20 10:37:00,5.769899845123291,8231.0
2020-03-20 10:38:00,5.5482001304626465,40625.0
2020-03-20 10:39:00,5.489999771118164,40509.0
2020-03-20 10:40:00,5.489999771118164,6020.0
2020-03-20 10:41:00,5.460000038146973,10145.0
2020-03-20 10:42:00,5.489999771118164,26766.0
2020-03-20 10:43:00,5.630000114440918,15016.0
2020-03-20 10:44:00,5.589900016784668,27718.0
2020-03-20 10:45:00,5.639999866485596,5943.0
2020-03-20 10:46:00,5.650000095367432,17333.0
2020-03-20 10:47:00,5.575699806213379,9170.0
2020-03-20 10:49:00,5.519999980926514,21848.0
2020-03-20 10:50:00,5.4633002281188965,1571.0
2020-03-20 10:51:00,5.500100135803223,7070.0
2020-03-20 10:52:00,5.630799770355225,11360.0
2020-03-20 10:53:00,5.629799842834473,11915.0
2020-03-20 10:54:00,5.649899959564209,5722.0
2020-03-20 10:55:00,5.650000095367432,28129.0
2020-03-20 10:56:00,5.740099906921387,28396.0
2020-03-20 10:57:00,5.679999828338623,34170.0
2020-03-20 10:58:00,5.670000076293945,9171.0
2020-03-20 10:59:00,5.670199871063232,2496.0
2020-03-20 11:00:00,5.679999828338623,8230.0
2020-03-20 11:01:00,5.630000114440918,773.0
2020-03-20 11:02:00,5.699999809265137,3219.0
2020-03-20 11:03:00,5.701399803161621,35507.0
2020-03-20 11:04:00,5.789999961853027,25118.0
2020-03-20 11:05:00,5.780200004577637,17367.0
2020-03-20 11:06:00,5.84499979019165,31698.0
2020-03-20 11:07:00,5.900000095367432,36824.0
2020-03-20 11:08:00,5.985000133514404,28856.0
2020-03-20 11:09:00,6.090000152587891,94704.0
2020-03-20 11:10:00,5.929999828338623,52351.0
2020-03-20 11:11:00,5.953100204467773,33034.0
2020-03-20 11:12:00,5.959799766540527,12745.0
2020-03-20 11:13:00,5.840099811553955,18605.0
2020-03-20 11:14:00,5.800000190734863,18637.0
2020-03-20 11:15:00,5.769999980926514,28346.0
2020-03-20 11:16:00,5.843500137329102,15567.0
2020-03-20 11:17:00,5.849999904632568,50646.0
2020-03-20 11:18:00,5.989999771118164,15586.0
2020-03-20 11:19:00,5.965000152587891,6977.0
2020-03-20 11:20:00,5.979899883270264,18665.0
2020-03-20 11:21:00,5.965000152587891,16223.0
2020-03-20 11:22:00,5.909999847412109,24745.0
2020-03-20 11:23:00,5.936299800872803,8653.0
2020-03-20 11:24:00,5.949999809265137,10563.0
2020-03-20 11:25:00,5.9899001121521,27715.0
2020-03-20 11:26:00,6.016200065612793,46192.0
2020-03-20 11:27:00,5.920000076293945,30237.0
2020-03-20 11:28:00,5.96019983291626,12509.0
2020-03-20 11:29:00,5.980199813842773,32972.0
2020-03-20 11:30:00,5.95989990234375,34811.0
2020-03-20 11:31:00,5.869999885559082,8111.0
2020-03-20 11:32:00,5.840000152587891,16848.0
2020-03-20 11:33:00,5.789999961853027,28583.0
2020-03-20 11:34:00,5.630000114440918,13885.0
2020-03-20 11:35:00,5.60699987411499,23315.0
2020-03-20 11:36:00,5.570099830627441,23742.0
2020-03-20 11:37:00,5.579899787902832,7155.0
2020-03-20 11:38:00,5.579999923706055,34508.0
2020-03-20 11:39:00,5.638500213623047,14128.0
2020-03-20 11:40:00,5.559999942779541,21285.0
2020-03-20 11:42:00,5.847300052642822,82957.0
2020-03-20 11:43:00,5.71999979019165,31776.0
2020-03-20 11:44:00,5.579999923706055,24826.0
2020-03-20 11:45:00,5.499899864196777,6365.0
2020-03-20 11:46:00,5.310100078582764,80476.0
2020-03-20 11:47:00,5.380000114440918,21647.0
2020-03-20 11:48:00,5.380000114440918,31695.0
2020-03-20 11:49:00,5.400000095367432,8746.0
2020-03-20 11:50:00,5.550000190734863,17837.0
2020-03-20 11:51:00,5.5,18545.0
2020-03-20 11:52:00,5.553999900817871,4809.0
2020-03-20 11:53:00,5.440000057220459,18056.0
2020-03-20 11:54:00,5.440000057220459,3414.0
2020-03-20 11:55:00,5.407899856567383,16067.0
2020-03-20 11:56:00,5.429999828338623,13385.0
2020-03-20 11:57:00,5.5,2383.0
2020-03-20 11:58:00,5.53000020980835,27088.0
2020-03-20 11:59:00,5.639999866485596,22641.0
2020-03-20 12:00:00,5.65500020980835,37600.0
2020-03-20 12:01:00,5.599999904632568,10843.0
2020-03-20 12:02:00,5.599999904632568,15517.0
2020-03-20 12:03:00,5.70989990234375,5388.0
2020-03-20 12:04:00,5.739799976348877,32140.0
2020-03-20 12:05:00,5.650000095367432,8595.0
2020-03-20 12:06:00,5.75,4463.0
2020-03-20 12:07:00,5.550000190734863,21623.0
2020-03-20 12:08:00,5.630000114440918,8055.0
2020-03-20 12:09:00,5.510000228881836,20775.0
2020-03-20 12:10:00,5.590000152587891,600.0
2020-03-20 12:11:00,5.599899768829346,472.0
2020-03-20 12:12:00,5.624000072479248,249.0
2020-03-20 12:13:00,5.605000019073486,536.0
2020-03-20 12:14:00,5.719900131225586,820.0
2020-03-20 12:15:00,5.760000228881836,11222.0
2020-03-20 12:16:00,5.710000038146973,1562.0
2020-03-20 12:17:00,5.730000019073486,6134.0
2020-03-20 12:18:00,5.699999809265137,14438.0
2020-03-20 12:19:00,5.739999771118164,14605.0
2020-03-20 12:20:00,5.728799819946289,12480.0
2020-03-20 12:21:00,5.739999771118164,9490.0
2020-03-20 12:22:00,5.831299781799316,26093.0
2020-03-20 12:23:00,5.840000152587891,6489.0
2020-03-20 12:24:00,5.8881001472473145,19901.0
2020-03-20 12:25:00,5.840000152587891,19252.0
2020-03-20 12:26:00,5.840199947357178,32139.0
2020-03-20 12:27:00,5.853099822998047,4336.0
2020-03-20 12:28:00,5.8302001953125,9329.0
2020-03-20 12:29:00,5.900000095367432,2283.0
2020-03-20 12:30:00,5.78000020980835,11578.0
2020-03-20 12:31:00,5.829999923706055,1541.0
2020-03-20 12:32:00,5.840000152587891,7901.0
2020-03-20 12:33:00,5.960000038146973,11040.0
2020-03-20 12:34:00,5.929999828338623,24905.0
2020-03-20 12:35:00,5.849999904632568,2980.0
2020-03-20 12:36:00,5.920000076293945,7513.0
2020-03-20 12:37:00,5.889999866485596,2422.0
2020-03-20 12:38:00,5.820000171661377,12702.0
2020-03-20 12:39:00,5.769999980926514,18103.0
2020-03-20 12:40:00,5.800000190734863,6617.0
2020-03-20 12:41:00,5.829999923706055,3422.0
2020-03-20 12:42:00,5.820000171661377,10618.0
2020-03-20 12:43:00,5.780200004577637,12441.0
2020-03-20 12:44:00,5.760000228881836,9924.0
2020-03-20 12:45:00,5.760000228881836,2178.0
2020-03-20 12:46:00,5.789999961853027,5500.0
2020-03-20 12:47:00,5.840000152587891,5256.0
2020-03-20 12:48:00,5.915800094604492,15801.0
2020-03-20 12:49:00,5.869999885559082,2307.0
2020-03-20 12:50:00,5.929999828338623,3706.0
2020-03-20 12:51:00,5.920000076293945,12528.0
2020-03-20 12:52:00,5.92710018157959,3588.0
2020-03-20 12:53:00,5.989999771118164,24248.0
2020-03-20 12:54:00,5.985799789428711,21323.0
2020-03-20 12:55:00,5.989999771118164,12321.0
2020-03-20 12:56:00,6.039999961853027,35223.0
2020-03-20 12:57:00,6.059999942779541,45395.0
2020-03-20 12:58:00,6.120100021362305,66751.0
2020-03-20 12:59:00,6.110799789428711,38222.0
2020-03-20 13:00:00,6.070000171661377,10645.0
2020-03-20 13:01:00,6.099999904632568,12825.0
2020-03-20 13:02:00,6.105000019073486,21048.0
2020-03-20 13:03:00,6.089900016784668,47602.0
2020-03-20 13:04:00,6.199900150299072,48169.0
2020-03-20 13:05:00,6.179999828338623,50248.0
2020-03-20 13:06:00,6.090000152587891,63958.0
2020-03-20 13:07:00,5.935500144958496,5136.0
2020-03-20 13:08:00,5.829500198364258,42019.0
2020-03-20 13:09:00,6.065000057220459,76793.0
2020-03-20 13:10:00,6.130000114440918,60000.0
2020-03-20 13:11:00,6.21999979019165,84621.0
2020-03-20 13:12:00,6.2428998947143555,44445.0
2020-03-20 13:13:00,6.210100173950195,42671.0
2020-03-20 13:14:00,6.300000190734863,35283.0
2020-03-20 13:15:00,6.349999904632568,51580.0
2020-03-20 13:16:00,6.360499858856201,35047.0
2020-03-20 13:17:00,6.372099876403809,53384.0
2020-03-20 13:18:00,6.349899768829346,71034.0
2020-03-20 13:19:00,6.330100059509277,11387.0
2020-03-20 13:20:00,6.329999923706055,21755.0
2020-03-20 13:21:00,6.340000152587891,26534.0
2020-03-20 13:22:00,6.349899768829346,40258.0
2020-03-20 13:23:00,6.349999904632568,11570.0
2020-03-20 13:24:00,6.400000095367432,27435.0
2020-03-20 13:25:00,6.514500141143799,110692.0
2020-03-20 13:26:00,6.485099792480469,44110.0
2020-03-20 13:27:00,6.519999980926514,53919.0
2020-03-20 13:28:00,6.460000038146973,13850.0
2020-03-20 13:29:00,6.5,33869.0
2020-03-20 13:30:00,6.409999847412109,49626.0
2020-03-20 13:31:00,6.4608001708984375,21622.0
2020-03-20 13:32:00,6.440000057220459,11922.0
2020-03-20 13:33:00,6.409999847412109,40392.0
2020-03-20 13:34:00,6.389999866485596,20350.0
2020-03-20 13:35:00,6.429999828338623,14015.0
2020-03-20 13:36:00,6.430099964141846,20341.0
2020-03-20 13:37:00,6.465000152587891,22349.0
2020-03-20 13:38:00,6.599899768829346,82133.0
2020-03-20 13:39:00,6.509300231933594,42406.0
2020-03-20 13:40:00,6.550000190734863,28686.0
2020-03-20 13:41:00,6.545000076293945,16795.0
2020-03-20 13:42:00,6.579999923706055,14682.0
2020-03-20 13:43:00,6.579999923706055,25007.0
2020-03-20 13:44:00,6.559999942779541,12060.0
2020-03-20 13:45:00,6.5177998542785645,35247.0
2020-03-20 13:46:00,6.390399932861328,60481.0
2020-03-20 13:47:00,6.460100173950195,12283.0
2020-03-20 13:48:00,6.46999979019165,21425.0
2020-03-20 13:49:00,6.5121002197265625,20130.0
2020-03-20 13:50:00,6.364999771118164,28580.0
2020-03-20 13:51:00,6.179999828338623,69657.0
2020-03-20 13:52:00,6.360000133514404,37687.0
2020-03-20 13:53:00,6.420000076293945,20215.0
2020-03-20 13:54:00,6.389999866485596,32390.0
2020-03-20 13:55:00,6.447800159454346,40901.0
2020-03-20 13:56:00,6.450099945068359,31940.0
2020-03-20 13:57:00,6.489999771118164,11030.0
2020-03-20 13:58:00,6.5,27115.0
2020-03-20 13:59:00,6.520299911499023,39123.0
2020-03-20 14:00:00,6.579999923706055,76727.0
2020-03-20 14:01:00,6.304999828338623,16061.0
2020-03-20 14:02:00,6.375,21654.0
2020-03-20 14:03:00,6.440000057220459,26719.0
2020-03-20 14:04:00,6.519999980926514,35547.0
2020-03-20 14:05:00,6.559999942779541,16066.0
2020-03-20 14:06:00,6.539899826049805,27834.0
2020-03-20 14:07:00,6.505000114440918,14638.0
2020-03-20 14:08:00,6.440000057220459,8832.0
2020-03-20 14:09:00,6.449999809265137,13678.0
2020-03-20 14:10:00,6.437399864196777,2302.0
2020-03-20 14:11:00,6.409999847412109,9542.0
2020-03-20 14:12:00,6.440000057220459,13144.0
2020-03-20 14:13:00,6.450099945068359,5368.0
2020-03-20 14:14:00,6.420100212097168,25283.0
2020-03-20 14:15:00,6.449999809265137,30396.0
2020-03-20 14:16:00,6.449999809265137,14737.0
2020-03-20 14:17:00,6.46999979019165,5420.0
2020-03-20 14:18:00,6.350100040435791,11798.0
2020-03-20 14:19:00,6.366099834442139,19796.0
2020-03-20 14:20:00,6.28000020980835,43422.0
2020-03-20 14:21:00,6.21999979019165,195622.0
2020-03-20 14:22:00,6.315000057220459,33801.0
2020-03-20 14:23:00,6.295000076293945,17676.0
2020-03-20 14:24:00,6.240600109100342,14398.0
2020-03-20 14:25:00,6.10099983215332,34478.0
2020-03-20 14:26:00,6.010000228881836,45022.0
2020-03-20 14:27:00,6.039999961853027,13744.0
2020-03-20 14:28:00,5.970099925994873,31343.0
2020-03-20 14:29:00,5.949900150299072,41939.0
2020-03-20 14:30:00,5.780099868774414,95582.0
2020-03-20 14:31:00,6.191800117492676,51860.0
2020-03-20 14:32:00,6.059999942779541,21809.0
2020-03-20 14:33:00,6.189499855041504,13973.0
2020-03-20 14:34:00,6.0,36712.0
2020-03-20 14:35:00,6.069900035858154,29985.0
2020-03-20 14:36:00,6.110000133514404,18512.0
2020-03-20 14:37:00,6.150000095367432,44885.0
2020-03-20 14:38:00,6.289999961853027,49483.0
2020-03-20 14:39:00,6.239999771118164,32623.0
2020-03-20 14:40:00,6.239999771118164,20296.0
2020-03-20 14:41:00,6.25,32033.0
2020-03-20 14:42:00,6.110000133514404,11512.0
2020-03-20 14:43:00,6.170199871063232,26462.0
2020-03-20 14:44:00,6.249899864196777,24880.0
2020-03-20 14:45:00,6.29010009765625,16736.0
2020-03-20 14:46:00,6.380099773406982,39922.0
2020-03-20 14:47:00,6.369999885559082,34545.0
2020-03-20 14:48:00,6.5,72453.0
2020-03-20 14:49:00,6.409999847412109,109324.0
2020-03-20 14:50:00,6.420000076293945,30930.0
2020-03-20 14:51:00,6.420000076293945,33925.0
2020-03-20 14:52:00,6.449999809265137,24846.0
2020-03-20 14:53:00,6.619999885559082,58795.0
2020-03-20 14:54:00,6.489999771118164,82211.0
2020-03-20 14:55:00,6.629799842834473,40851.0
2020-03-20 14:56:00,6.559999942779541,46278.0
2020-03-20 14:57:00,6.541600227355957,34718.0
2020-03-20 14:58:00,6.618500232696533,75085.0
2020-03-20 14:59:00,6.889999866485596,158483.0
